일,롱패딩: (대한민국),원피스: (대한민국),여성롱패딩: (대한민국),남자롱패딩: (대한민국),잠옷: (대한민국),롱패딩: (대한민국),여자롱패딩: (대한민국),여성숏패딩: (대한민국),여성패딩: (대한민국),반팔티: (대한민국),롱패딩: (대한민국),숏패딩: (대한민국),트위드자켓: (대한민국),트렌치코트: (대한민국),여성경량패딩: (대한민국),롱패딩: (대한민국),핸드메이드코트: (대한민국),쥬시쥬디: (대한민국),블라우스: (대한민국),나이키바람막이: (대한민국),롱패딩: (대한민국),여성트레이닝세트: (대한민국),바람막이: (대한민국),후드집업: (대한민국),여자트렌치코트: (대한민국),롱패딩: (대한민국),롱원피스: (대한민국),써스데이아일랜드원피스: (대한민국),반바지: (대한민국),강블리gbl남여공용무지반팔7색: (대한민국),롱패딩: (대한민국),팬츠: (대한민국),가을원피스: (대한민국),나이키후드티: (대한민국),맨투맨: (대한민국),롱패딩: (대한민국),반팔티: (대한민국),아르마니익스체인지: (대한민국),루시앙: (대한민국),나이키맨투맨: (대한민국),롱패딩: (대한민국),하객원피스: (대한민국),리버클래시정장: (대한민국),dabagirl: (대한민국),후드티: (대한민국),롱패딩: (대한민국),나우포그니플리스: (대한민국),니트원피스: (대한민국),여성가디건: (대한민국),핸드메이드코트: (대한민국),롱패딩: (대한민국),후리스: (대한민국),패딩: (대한민국),여성경량패딩: (대한민국),남자경량패딩: (대한민국),롱패딩: (대한민국),노스페이스패딩: (대한민국),커플잠옷: (대한민국),수면잠옷: (대한민국),남자반팔티: (대한민국),롱패딩: (대한민국),여성린넨자켓: (대한민국),트위드자켓: (대한민국),메종키츠네반팔: (대한민국),여름원피스: (대한민국),롱패딩: (대한민국),라코스테원피스: (대한민국),여성점프수트: (대한민국),강블리gbl남여공용무지반팔7색: (대한민국),남자반바지: (대한민국),롱패딩: (대한민국),후리스: (대한민국),패딩: (대한민국),여성경량패딩: (대한민국),남자경량패딩: (대한민국),롱패딩: (대한민국),노스페이스패딩: (대한민국),커플잠옷: (대한민국),수면잠옷: (대한민국),남자반팔티: (대한민국),롱패딩: (대한민국),여성린넨자켓: (대한민국),트위드자켓: (대한민국),메종키츠네반팔: (대한민국),여름원피스: (대한민국),롱패딩: (대한민국),라코스테원피스: (대한민국),여성점프수트: (대한민국),강블리gbl남여공용무지반팔7색: (대한민국),남자반바지: (대한민국)
2020-11-01,3,66,2,69,3,31,0,0,0,0,33,16,0,0,0,32,0,0,0,0,19,0,0,37,0,19,0,0,0,0,17,33,0,0,25,19,0,0,0,9,19,9,0,9,37,19,0,0,0,0,6,12,46,0,0,19,9,0,9,0,19,0,0,0,0,19,0,0,0,0,6,12,46,0,0,19,9,0,9,0,19,0,0,0,0,19,0,0,0,0
2020-11-02,3,38,2,37,10,40,0,0,13,0,44,0,0,0,0,42,0,0,28,0,25,0,0,17,0,25,0,0,8,0,23,8,0,0,15,25,0,0,0,0,25,0,0,0,17,25,0,0,9,0,8,14,47,0,0,25,8,0,0,0,25,0,0,0,0,25,0,0,0,0,8,14,47,0,0,25,8,0,0,0,25,0,0,0,0,25,0,0,0,0
2020-11-03,9,40,5,40,7,95,0,0,0,0,104,60,0,0,0,98,0,0,13,0,100,0,34,34,0,59,0,0,8,0,53,60,0,8,38,59,0,0,0,0,59,0,0,0,17,59,0,0,0,0,19,22,72,0,0,59,8,0,17,0,59,0,0,0,0,59,0,0,0,0,19,22,72,0,0,59,8,0,17,0,59,0,0,0,0,59,0,0,0,0
2020-11-04,11,39,3,37,7,74,0,0,0,13,81,81,0,0,0,77,0,0,13,0,46,0,15,15,0,46,0,0,15,0,42,48,0,0,48,46,8,0,0,8,46,0,0,0,15,46,0,0,0,0,15,20,66,0,0,46,8,0,8,0,46,0,0,0,0,46,0,0,0,0,15,20,66,0,0,46,8,0,8,0,46,0,0,0,0,46,0,0,0,0
2020-11-05,4,44,3,42,6,52,0,0,0,0,56,28,28,0,0,53,0,0,13,0,32,0,16,24,0,32,0,0,8,0,28,42,0,7,35,32,0,0,0,0,32,0,0,0,32,32,0,0,0,0,10,23,39,0,0,32,0,8,0,0,32,0,16,0,0,32,0,0,0,0,10,23,39,0,0,32,0,8,0,0,32,0,16,0,0,32,0,0,0,0
2020-11-06,8,62,0,60,8,27,0,0,0,0,30,46,0,0,0,28,0,0,15,0,17,0,26,9,0,17,0,0,9,0,15,30,0,0,31,17,0,0,0,9,17,0,0,0,60,17,0,0,0,0,6,8,45,0,0,17,0,0,0,0,17,0,0,0,0,17,0,0,0,0,6,8,45,0,0,17,0,0,0,0,17,0,0,0,0,17,0,0,0,0
2020-11-07,6,64,3,65,5,48,0,0,48,0,53,86,0,0,0,50,0,0,17,0,30,0,20,20,0,30,10,0,20,0,26,9,0,0,26,30,0,0,0,0,30,0,0,0,59,30,0,10,0,0,10,13,71,0,0,30,10,10,0,0,30,0,0,0,0,30,0,0,0,0,10,13,71,0,0,30,10,10,0,0,30,0,0,0,0,30,0,0,0,0
2020-11-08,5,71,0,70,7,76,0,0,15,0,82,49,16,16,0,78,0,15,0,0,47,0,19,0,0,47,9,0,9,0,42,42,8,0,0,47,0,0,0,0,47,0,0,0,38,47,0,9,0,0,15,25,71,0,0,47,19,0,0,0,47,0,9,0,0,47,0,0,0,0,15,25,71,0,0,47,19,0,0,0,47,0,9,0,0,47,0,0,0,0
2020-11-09,3,42,2,40,9,97,0,0,0,0,105,60,0,0,0,100,13,0,57,0,60,0,8,25,0,60,0,0,0,0,53,53,0,0,38,60,0,0,0,0,60,0,0,0,17,60,0,0,0,8,19,6,100,0,0,60,17,0,0,0,60,0,0,0,0,60,0,0,0,0,19,6,100,0,0,60,17,0,0,0,60,0,0,0,0,60,0,0,0,0
2020-11-10,7,48,0,46,5,27,0,0,15,0,30,30,0,0,0,28,0,0,15,0,17,0,0,8,0,17,0,0,17,0,15,38,0,0,15,17,0,0,0,8,17,0,0,0,34,17,0,0,0,0,6,11,56,0,0,17,9,0,0,0,17,0,0,0,0,17,0,0,0,0,6,11,56,0,0,17,9,0,0,0,17,0,0,0,0,17,0,0,0,0
2020-11-11,5,58,3,58,5,55,0,0,15,15,60,46,0,0,0,57,0,0,0,0,34,0,0,9,0,34,9,0,0,0,31,54,0,0,38,34,9,0,0,0,34,0,0,0,17,34,0,0,0,0,11,8,90,0,0,34,17,0,0,0,34,0,0,0,0,34,0,0,0,0,11,8,90,0,0,34,17,0,0,0,34,0,0,0,0,34,0,0,0,0
2020-11-12,7,76,0,77,5,40,0,0,13,0,44,89,0,16,0,42,0,0,13,0,25,0,17,17,0,25,0,0,8,0,23,23,0,0,23,25,0,0,0,0,25,0,0,0,25,25,0,0,0,0,8,8,44,0,0,25,0,0,0,0,25,0,0,0,0,25,0,0,0,0,8,8,44,0,0,25,0,0,0,0,25,0,0,0,0,25,0,0,0,0
2020-11-13,2,100,2,98,8,73,0,0,15,0,79,63,0,16,0,75,15,15,0,0,45,0,9,18,0,45,0,0,18,0,40,40,0,0,16,45,0,0,0,18,45,0,0,0,18,45,0,0,0,9,15,15,44,0,0,45,0,0,0,0,45,0,0,0,9,45,0,0,0,0,15,15,44,0,0,45,0,0,0,0,45,0,0,0,9,45,0,0,0,0
2020-11-14,0,67,6,66,7,34,0,0,0,16,37,18,0,18,0,35,17,0,0,0,21,0,10,10,0,21,0,0,10,0,18,74,0,0,18,21,10,0,0,10,21,0,0,0,10,21,0,0,0,10,7,10,61,0,0,21,10,0,0,0,21,0,0,0,0,21,0,0,0,0,7,10,61,0,0,21,10,0,0,0,21,0,0,0,0,21,0,0,0,0
2020-11-15,0,70,2,71,6,16,0,0,0,31,18,100,0,18,0,17,17,0,32,0,10,0,19,10,0,10,0,0,0,0,9,26,0,9,34,10,19,0,0,0,10,0,0,0,48,10,0,0,0,10,3,12,53,0,0,10,10,0,0,0,10,0,0,0,0,10,0,0,0,0,3,12,53,0,0,10,10,0,0,0,10,0,0,0,0,10,0,0,0,0
2020-11-16,5,42,2,44,5,27,0,0,0,0,30,30,0,0,0,28,0,0,0,0,17,0,25,8,8,17,0,0,0,0,15,52,0,0,22,17,0,0,0,0,17,0,0,0,25,17,0,0,0,0,5,5,32,0,0,17,0,0,8,0,17,0,0,0,0,17,0,0,0,0,5,5,32,0,0,17,0,0,8,0,17,0,0,0,0,17,0,0,0,0
2020-11-17,2,41,3,43,8,40,0,0,13,13,44,58,0,28,0,42,0,0,13,0,25,0,0,8,0,25,0,0,8,0,22,22,0,0,7,25,8,0,0,0,25,0,0,0,57,25,0,8,0,0,8,5,43,0,0,25,0,0,0,0,25,0,0,0,0,25,0,0,0,0,8,5,43,0,0,25,0,0,0,0,25,0,0,0,0,25,0,0,0,0
2020-11-18,4,56,2,53,4,26,0,0,0,0,28,14,0,0,0,27,0,0,27,0,16,0,0,16,0,16,0,0,8,0,15,22,0,0,7,16,0,0,0,8,16,0,0,0,8,16,0,8,0,0,5,5,24,0,0,16,0,0,0,0,16,0,0,0,0,16,0,0,0,0,5,5,24,0,0,16,0,0,0,0,16,0,0,0,0,16,0,0,0,0
2020-11-19,0,63,3,60,12,40,0,0,13,0,44,0,14,30,0,42,0,0,0,0,25,0,8,8,8,25,0,0,0,0,22,52,0,7,30,25,0,0,0,0,25,0,0,0,25,25,0,8,0,0,8,16,38,0,0,25,0,0,0,0,25,0,8,0,0,25,0,0,0,0,8,16,38,0,0,25,0,0,0,0,25,0,8,0,0,25,0,0,0,0
2020-11-20,4,68,2,66,8,100,0,0,29,0,109,46,0,0,0,103,0,0,0,0,62,0,9,18,0,62,0,0,0,0,55,16,0,0,32,62,0,0,0,0,62,9,0,0,35,62,0,0,0,0,20,3,55,0,0,62,0,18,9,0,62,0,0,0,0,62,0,0,0,0,20,3,55,0,0,62,0,18,9,0,62,0,0,0,0,62,0,0,0,0
2020-11-21,3,58,1,64,8,47,0,0,0,0,51,67,0,18,0,48,0,0,0,0,29,0,0,29,0,29,0,0,10,0,26,43,0,0,26,29,0,0,0,0,29,0,0,0,19,29,0,0,0,0,9,9,41,0,0,29,0,0,0,0,29,0,0,0,0,29,0,0,0,0,9,9,41,0,0,29,0,0,0,0,29,0,0,0,0,29,0,0,0,0
2020-11-22,9,62,3,60,10,45,0,0,15,0,49,33,0,49,0,47,15,0,15,0,28,0,9,19,0,28,0,0,0,0,25,33,0,0,25,28,0,0,0,0,28,0,0,0,28,28,0,0,9,9,9,9,67,0,0,28,0,0,0,0,28,0,0,0,0,28,0,0,0,0,9,9,67,0,0,28,0,0,0,0,28,0,0,0,0,28,0,0,0,0
2020-11-23,5,42,0,42,7,55,0,0,0,0,60,30,14,0,0,57,0,0,0,0,34,0,0,17,0,34,0,0,25,0,30,22,0,0,30,34,0,0,0,0,34,0,0,0,42,34,0,0,0,0,11,11,44,0,0,34,0,0,0,0,34,0,8,0,0,34,0,0,0,8,11,11,44,0,0,34,0,0,0,0,34,0,8,0,0,34,0,0,0,8
2020-11-24,6,45,2,48,8,40,0,0,0,0,44,72,14,0,0,42,0,0,13,0,25,0,8,33,0,25,0,0,0,0,22,37,0,0,37,25,0,0,0,8,25,0,0,0,49,25,0,0,0,0,8,0,64,0,0,25,8,0,8,0,25,0,8,0,0,25,0,0,0,0,8,0,64,0,0,25,8,0,8,0,25,0,8,0,0,25,0,0,0,0
2020-11-25,10,59,0,59,7,53,0,0,0,0,58,86,0,0,0,55,0,0,0,0,33,0,0,8,0,33,0,0,8,0,29,43,0,0,29,33,0,0,0,0,33,0,0,0,41,33,0,16,0,0,11,5,82,0,0,33,8,0,0,0,33,0,0,0,0,33,0,0,0,8,11,5,82,0,0,33,8,0,0,0,33,0,0,0,0,33,0,0,0,8
2020-11-26,4,76,0,74,9,39,0,0,0,26,42,28,0,0,0,40,0,13,27,0,24,0,24,32,0,24,0,0,16,0,21,35,0,7,36,24,16,0,0,8,24,0,0,0,24,24,0,0,0,0,8,3,55,0,0,24,0,0,0,0,24,0,0,0,0,24,0,0,0,0,8,3,55,0,0,24,0,0,0,0,24,0,0,0,0,24,0,0,0,0
2020-11-27,10,89,2,86,0,40,0,0,13,0,44,133,0,0,0,42,0,0,0,0,25,0,17,8,0,25,0,0,0,0,23,8,0,0,15,25,0,0,0,0,25,0,0,0,17,25,0,0,0,0,8,8,88,0,0,25,0,0,8,0,25,0,0,0,0,25,0,0,0,0,8,8,88,0,0,25,0,0,8,0,25,0,0,0,0,25,0,0,0,0
2020-11-28,8,73,2,74,9,32,0,0,16,0,35,86,0,0,0,33,0,0,33,0,20,0,20,10,0,20,0,0,0,0,18,61,0,0,35,20,0,0,0,10,20,0,0,0,29,20,0,0,0,0,6,6,67,0,0,20,0,0,0,0,20,0,0,0,0,20,0,0,0,0,6,6,67,0,0,20,0,0,0,0,20,0,0,0,0,20,0,0,0,0
2020-11-29,9,70,0,72,5,29,0,0,0,15,32,79,0,0,0,30,0,0,15,0,18,0,18,9,0,18,0,0,27,0,16,57,0,0,41,18,9,0,0,0,18,0,0,0,27,18,0,0,0,0,6,6,65,0,0,18,9,0,9,0,18,0,0,0,0,18,0,0,0,9,6,6,65,0,0,18,9,0,9,0,18,0,0,0,0,18,0,0,0,9
2020-11-30,5,56,3,56,6,52,0,0,13,13,56,14,0,14,0,53,13,0,13,0,32,0,8,16,0,32,0,0,0,0,28,28,0,7,28,32,8,0,0,0,32,0,0,0,24,32,0,0,0,8,10,10,49,0,0,32,0,0,0,0,32,0,0,0,0,32,0,0,0,0,10,10,49,0,0,32,0,0,0,0,32,0,0,0,0,32,0,0,0,0
2020-12-01,4,26,0,0,3,60,0,0,12,24,60,94,0,12,0,60,0,0,0,0,40,0,8,16,0,40,0,0,0,0,35,42,0,0,50,40,16,0,8,8,40,0,0,0,16,40,0,0,0,0,13,0,80,0,0,40,0,0,0,0,40,0,0,0,0,40,0,0,0,0,13,0,80,0,0,40,0,0,0,0,40,0,0,0,0,40,0,0,0,0
2020-12-02,6,17,0,0,1,96,0,0,0,12,96,24,12,0,0,96,12,0,0,0,64,0,8,0,0,64,0,0,16,0,58,29,0,0,14,64,8,0,0,0,64,0,0,0,8,64,0,0,0,8,21,3,68,0,0,64,8,0,8,0,64,0,8,0,0,64,0,0,0,0,21,3,68,0,0,64,8,0,8,0,64,0,8,0,0,64,0,0,0,0
2020-12-03,2,36,0,0,0,36,0,0,12,0,36,48,0,0,0,36,0,0,0,0,24,0,8,16,0,24,8,0,0,0,22,36,0,7,7,24,0,0,0,8,24,0,0,0,32,24,0,0,0,0,8,8,45,0,0,24,0,0,0,0,24,0,0,0,0,24,0,0,0,0,8,8,45,0,0,24,0,0,0,0,24,0,0,0,0,24,0,0,0,0
2020-12-04,6,34,0,0,2,100,0,0,0,0,100,49,0,0,0,100,0,0,0,0,100,0,8,8,0,67,0,0,0,0,60,15,0,0,22,67,0,0,0,0,67,0,0,0,42,67,0,0,0,0,22,5,82,0,0,67,8,0,0,0,67,0,0,0,0,67,0,0,0,0,22,5,82,0,0,67,8,0,0,0,67,0,0,0,0,67,0,0,0,0
2020-12-05,4,38,0,0,1,58,0,0,15,0,58,15,0,15,0,58,0,0,0,0,39,0,10,29,0,39,0,0,29,0,35,35,0,0,9,39,0,0,0,0,39,0,0,0,10,39,0,0,0,0,13,3,70,0,0,39,0,0,0,0,39,0,0,0,0,39,0,0,0,0,13,3,70,0,0,39,0,0,0,0,39,0,0,0,0,39,0,0,0,0
2020-12-06,2,27,0,0,2,27,0,0,27,13,27,42,13,0,0,27,0,0,0,0,18,0,9,0,0,18,0,0,0,0,16,16,0,0,33,18,9,0,0,0,18,0,0,0,28,18,0,9,0,0,6,3,48,0,0,18,0,0,0,0,18,0,9,0,0,18,0,0,0,0,6,3,48,0,0,18,0,0,0,0,18,0,9,0,0,18,0,0,0,0
2020-12-07,0,31,0,0,1,0,0,0,0,0,0,48,0,24,0,0,0,0,24,0,0,0,0,0,0,0,0,0,16,0,0,0,0,0,21,0,0,0,0,8,0,0,0,0,24,0,0,0,0,0,0,3,29,0,0,0,0,0,0,0,0,0,0,0,0,0,0,0,0,0,0,3,29,0,0,0,0,0,0,0,0,0,0,0,0,0,0,0,0,0
2020-12-08,6,27,0,0,1,94,0,0,0,0,94,24,0,12,0,94,12,0,12,0,63,0,16,16,0,63,0,0,16,0,56,42,0,0,42,63,0,0,0,0,63,0,0,0,16,63,0,0,0,8,20,5,51,0,0,63,0,0,0,0,63,0,0,0,0,63,0,0,0,0,20,5,51,0,0,63,0,0,0,0,63,0,0,0,0,63,0,0,0,0
2020-12-09,3,20,0,0,3,48,0,0,0,12,48,12,0,0,0,48,0,0,12,0,32,0,24,24,0,32,0,0,16,0,28,7,0,21,21,32,8,0,0,0,32,0,0,0,55,32,0,0,0,0,10,3,49,0,0,32,8,0,16,0,32,0,0,0,0,32,0,0,0,0,10,3,49,0,0,32,8,0,16,0,32,0,0,0,0,32,0,0,0,0
2020-12-10,3,37,0,0,2,46,0,0,12,12,46,34,0,12,0,46,0,0,0,0,31,0,8,0,0,31,0,0,8,0,28,28,0,0,14,31,8,0,0,0,31,0,0,0,15,31,0,0,0,0,10,8,58,0,0,31,0,8,0,0,31,0,0,0,0,31,0,0,0,0,10,8,58,0,0,31,0,8,0,0,31,0,0,0,0,31,0,0,0,0
2020-12-11,1,46,0,0,1,24,0,0,0,0,24,24,0,0,0,24,0,0,37,0,16,0,0,0,0,16,0,0,8,0,15,29,0,0,51,16,0,0,0,8,16,0,0,0,25,16,0,0,0,0,5,3,43,0,0,16,0,0,8,0,16,0,0,0,0,16,0,0,0,0,5,3,43,0,0,16,0,0,8,0,16,0,0,0,0,16,0,0,0,0
2020-12-12,2,39,0,0,2,27,0,0,0,0,27,27,0,0,0,27,0,0,13,0,18,0,0,0,0,18,0,0,9,0,16,16,0,8,24,18,0,0,0,9,18,0,0,0,36,18,0,0,0,0,6,3,50,0,0,18,9,0,9,0,18,0,0,0,0,18,0,0,0,0,6,3,50,0,0,18,9,0,9,0,18,0,0,0,0,18,0,0,0,0
2020-12-13,1,20,0,0,2,13,0,0,13,0,13,91,0,13,0,13,0,0,0,0,9,0,17,9,0,9,0,0,9,0,8,39,0,8,23,9,0,0,0,0,9,0,0,0,17,9,0,0,0,0,3,0,45,0,0,9,0,0,0,0,9,0,0,0,0,9,0,0,0,0,3,0,45,0,0,9,0,0,0,0,9,0,0,0,0,9,0,0,0,0
2020-12-14,3,24,0,0,1,45,0,0,12,0,45,45,0,0,0,45,0,0,12,0,30,0,8,8,0,30,0,0,0,0,27,27,0,0,14,30,0,0,0,0,30,0,0,0,8,30,0,8,0,0,10,5,82,0,0,30,0,0,0,0,30,0,0,0,0,30,0,0,0,0,10,5,82,0,0,30,0,0,0,0,30,0,0,0,0,30,0,0,0,0
2020-12-15,6,23,0,0,3,93,0,0,12,0,93,24,0,12,0,93,12,0,0,0,62,0,15,31,0,62,0,0,16,0,56,28,0,0,42,62,0,0,0,0,62,0,0,0,23,62,0,8,0,8,20,5,71,0,0,62,8,0,0,0,62,0,0,0,0,62,0,0,0,0,20,5,71,0,0,62,8,0,0,0,62,0,0,0,0,62,0,0,0,0
2020-12-16,1,23,1,0,2,24,0,0,24,0,24,12,0,12,0,24,0,0,0,0,16,0,0,8,0,16,8,0,8,0,14,28,0,7,21,16,0,0,0,0,16,0,0,0,16,16,0,0,8,0,5,3,53,0,0,16,0,0,0,0,16,0,0,0,0,16,0,0,0,0,5,3,53,0,0,16,0,0,0,0,16,0,0,0,0,16,0,0,0,0
2020-12-17,2,41,1,0,5,34,0,0,34,0,34,34,12,22,0,34,0,0,0,0,23,0,8,8,0,23,0,0,0,0,21,34,0,0,14,23,0,0,0,0,23,0,0,0,8,23,0,0,0,0,7,5,40,0,0,23,8,0,8,0,23,0,8,0,0,23,0,0,0,0,7,5,40,0,0,23,8,0,8,0,23,0,8,0,0,23,0,0,0,0
2020-12-18,2,57,0,0,4,37,0,0,0,0,37,61,0,0,0,37,0,0,0,0,25,0,8,0,0,25,0,0,0,0,22,37,0,0,22,25,0,0,0,0,25,0,0,0,8,25,0,0,0,0,8,8,51,0,0,25,0,8,0,0,25,0,0,0,0,25,0,0,0,0,8,8,51,0,0,25,0,8,0,0,25,0,0,0,0,25,0,0,0,0
2020-12-19,3,33,0,0,3,57,0,0,13,13,57,57,13,13,0,57,0,0,0,0,38,0,28,0,0,38,0,0,0,0,34,17,0,0,51,38,9,0,0,0,38,0,0,0,19,38,0,0,0,0,12,3,71,0,0,38,9,0,9,0,38,0,9,0,0,38,0,0,0,0,12,3,71,0,0,38,9,0,9,0,38,0,9,0,0,38,0,0,0,0
2020-12-20,2,30,0,0,0,27,0,0,13,13,27,0,0,0,0,27,0,0,0,0,18,0,9,9,0,18,0,0,9,0,16,49,0,8,16,18,9,0,0,0,18,0,0,0,0,18,0,28,0,0,6,6,45,0,0,18,0,0,0,0,18,0,0,0,0,18,0,0,0,9,6,6,45,0,0,18,0,0,0,0,18,0,0,0,0,18,0,0,0,9
2020-12-21,4,19,0,0,2,60,0,0,12,0,60,24,0,0,0,60,0,0,0,0,40,0,8,8,0,40,0,0,8,0,36,28,0,0,21,40,0,0,0,0,40,0,0,0,40,40,0,0,0,0,13,0,57,0,0,40,0,0,0,0,40,0,0,0,0,40,0,0,0,0,13,0,57,0,0,40,0,0,0,0,40,0,0,0,0,40,0,0,0,0
2020-12-22,4,24,1,0,3,72,0,0,12,0,72,36,0,0,0,72,0,0,0,0,48,0,16,0,0,48,0,0,24,0,43,21,0,0,7,48,0,0,0,0,48,0,0,0,0,48,0,0,0,0,16,13,57,0,0,48,8,0,0,0,48,0,0,0,0,48,0,0,0,0,16,13,57,0,0,48,8,0,0,0,48,0,0,0,0,48,0,0,0,0
2020-12-23,1,30,0,0,1,24,0,0,12,0,24,12,0,0,0,24,0,12,0,0,16,0,8,16,0,16,0,0,0,0,14,35,0,0,21,16,0,0,0,0,16,8,0,0,16,16,0,0,0,0,5,5,43,0,0,16,0,0,0,0,16,0,0,0,0,16,0,0,0,0,5,5,43,0,0,16,0,0,0,0,16,0,0,0,0,16,0,0,0,0
2020-12-24,2,40,0,0,1,37,0,0,12,0,37,51,0,0,0,37,0,0,12,0,25,0,0,8,0,25,0,0,0,0,23,30,0,0,23,25,0,0,0,8,25,0,0,0,8,25,0,0,0,0,8,3,39,0,0,25,0,0,0,0,25,0,0,0,0,25,0,0,0,0,8,3,39,0,0,25,0,0,0,0,25,0,0,0,0,25,0,0,0,0
2020-12-25,2,66,1,0,3,30,0,0,0,0,30,45,0,0,0,30,0,0,15,0,20,0,10,10,0,20,0,0,10,0,18,18,0,0,9,20,0,0,0,0,20,0,0,0,30,20,0,0,0,0,6,10,29,0,0,20,0,0,0,0,20,0,0,0,0,20,0,0,0,0,6,10,29,0,0,20,0,0,0,0,20,0,0,0,0,20,0,0,0,0
2020-12-26,1,70,0,0,3,13,0,0,0,0,13,13,0,0,0,13,0,0,13,0,9,0,0,9,0,9,0,0,9,0,8,50,0,0,42,9,0,0,0,0,9,9,0,0,28,9,0,0,9,0,3,0,49,0,0,9,0,0,0,0,9,0,0,0,0,9,0,0,0,0,3,0,49,0,0,9,0,0,0,0,9,0,0,0,0,9,0,0,0,0
2020-12-27,2,100,0,0,3,37,0,0,0,0,37,12,0,0,0,37,0,0,25,0,25,0,8,8,0,25,0,0,17,0,22,22,0,0,15,25,0,0,0,8,25,0,0,0,25,25,0,0,0,0,8,3,35,0,0,25,0,0,8,0,25,0,0,0,0,25,0,0,0,0,8,3,35,0,0,25,0,0,8,0,25,0,0,0,0,25,0,0,0,0
2020-12-28,1,34,0,0,1,12,0,0,0,0,12,12,0,22,0,12,0,0,12,0,8,0,8,23,0,8,0,0,0,0,7,14,0,0,27,8,0,0,0,0,8,0,0,0,15,8,0,0,0,0,3,3,25,0,0,8,0,0,0,0,8,0,0,0,0,8,0,0,0,0,3,3,25,0,0,8,0,0,0,0,8,0,0,0,0,8,0,0,0,0
2020-12-29,4,32,0,0,1,69,0,0,12,12,69,0,0,0,0,69,0,0,22,0,46,0,15,0,0,46,0,0,8,0,41,34,0,0,14,46,8,0,0,8,46,0,0,0,0,46,0,0,0,0,15,3,45,0,0,46,0,0,0,0,46,0,0,0,0,46,0,0,0,0,15,3,45,0,0,46,0,0,0,0,46,0,0,0,0,46,0,0,0,0
2020-12-30,1,25,0,0,1,24,0,0,12,0,24,36,0,0,0,24,0,0,48,0,16,0,24,16,0,16,0,0,8,0,14,14,0,0,36,16,0,0,0,8,16,0,0,0,24,16,0,0,0,0,5,3,47,0,0,16,8,8,0,0,16,0,0,0,0,16,0,0,0,0,5,3,47,0,0,16,8,8,0,0,16,0,0,0,0,16,0,0,0,0
2020-12-31,2,28,0,0,2,25,0,0,0,0,25,39,0,0,0,25,0,0,0,0,17,0,0,0,0,17,0,0,9,0,15,23,0,0,0,17,0,0,0,0,17,0,0,0,17,17,0,0,0,0,6,6,33,0,0,17,9,0,9,0,17,0,0,0,0,17,0,0,0,0,6,6,33,0,0,17,9,0,9,0,17,0,0,0,0,17,0,0,0,0
2021-01-01,0,67,0,0,0,0,0,0,0,10,0,0,0,0,0,0,0,0,10,0,0,0,0,0,0,0,0,0,10,0,0,35,0,0,26,0,10,0,0,0,0,0,0,0,20,0,0,0,0,0,0,0,19,0,0,0,10,0,10,0,0,0,0,0,0,0,0,0,0,0,0,0,19,0,0,0,10,0,10,0,0,0,0,0,0,0,0,0,0,0
2021-01-02,4,47,0,0,3,37,0,0,0,9,37,9,0,0,0,37,0,0,18,0,37,0,0,0,0,37,0,0,0,0,33,49,0,0,25,37,9,0,0,0,37,0,0,0,37,37,0,0,0,0,12,6,54,0,0,37,9,9,0,0,37,0,0,0,0,37,0,0,0,0,12,6,54,0,0,37,9,9,0,0,37,0,0,0,0,37,0,0,0,0
2021-01-03,5,55,0,0,1,45,0,0,9,0,45,0,0,0,0,45,0,0,0,0,45,0,9,18,0,45,0,0,9,0,41,40,0,0,32,45,0,0,0,0,45,0,0,0,9,45,0,0,0,0,15,9,53,0,0,45,9,0,9,0,45,0,0,0,0,45,0,0,0,0,15,9,53,0,0,45,9,0,9,0,45,0,0,0,0,45,0,0,0,0
2021-01-04,1,36,0,0,1,8,0,0,0,8,8,0,0,16,0,8,0,0,24,0,8,0,8,0,0,8,8,0,16,0,7,35,0,0,21,8,8,0,0,0,8,0,0,0,8,8,0,0,0,0,3,8,18,0,0,8,8,0,0,0,8,0,0,0,0,8,0,0,0,0,3,8,18,0,0,8,8,0,0,0,8,0,0,0,0,8,0,0,0,0
2021-01-05,4,44,0,0,0,31,0,0,23,0,31,16,8,0,0,31,0,0,16,0,31,0,0,0,0,31,0,0,8,0,28,28,0,0,35,31,0,0,0,0,31,0,0,0,16,31,0,0,0,0,10,3,46,0,0,31,0,0,0,0,31,0,8,0,0,31,0,0,0,0,10,3,46,0,0,31,0,0,0,0,31,0,8,0,0,31,0,0,0,0
2021-01-06,3,37,0,0,1,23,0,0,0,8,23,23,8,0,0,23,0,0,0,0,23,0,8,0,0,23,0,0,8,0,21,14,0,0,42,23,8,0,0,0,23,0,0,0,0,23,0,0,0,0,8,3,51,0,0,23,0,0,0,0,23,0,8,0,0,23,0,0,0,0,8,3,51,0,0,23,0,0,0,0,23,0,8,0,0,23,0,0,0,0
2021-01-07,1,45,0,0,3,16,0,0,0,8,16,0,0,0,0,16,0,0,8,0,16,0,0,8,0,16,0,0,0,0,14,28,0,0,28,16,8,0,0,0,16,0,0,0,16,16,0,0,0,0,5,0,34,0,0,16,0,0,0,0,16,0,0,0,0,16,0,0,0,0,5,0,34,0,0,16,0,0,0,0,16,0,0,0,0,16,0,0,0,0
2021-01-08,1,73,1,0,1,16,0,0,16,0,16,8,0,0,0,16,0,0,0,0,16,0,8,24,0,16,0,0,8,0,15,44,0,0,7,16,0,0,0,0,16,0,0,0,16,16,0,8,0,0,5,13,37,0,0,16,0,0,0,0,16,0,0,0,0,16,0,0,0,0,5,13,37,0,0,16,0,0,0,0,16,0,0,0,0,16,0,0,0,0
2021-01-09,7,68,0,0,5,57,0,0,0,0,57,9,9,0,0,57,0,0,19,0,57,0,19,0,0,57,0,0,0,0,51,50,0,0,34,57,0,0,0,0,57,0,0,0,28,57,0,0,0,0,18,0,65,0,0,57,0,9,0,0,57,0,9,0,0,57,0,0,0,0,18,0,65,0,0,57,0,9,0,0,57,0,9,0,0,57,0,0,0,0
2021-01-10,1,52,0,0,0,9,0,0,9,9,9,36,0,0,0,9,0,0,27,0,9,0,0,9,0,9,0,0,0,0,8,24,0,0,24,9,9,0,0,0,9,0,0,0,9,9,0,0,0,0,3,6,53,0,0,9,18,0,0,0,9,0,0,0,0,9,0,0,0,0,3,6,53,0,0,9,18,0,0,0,9,0,0,0,0,9,0,0,0,0
2021-01-11,3,34,1,0,1,23,0,0,15,0,23,15,0,16,0,23,0,0,8,0,23,0,0,8,8,23,16,0,0,0,21,28,0,0,0,23,0,0,0,0,23,0,0,0,15,23,0,0,0,0,8,3,48,0,0,23,8,0,0,0,23,0,0,0,0,23,0,0,0,0,8,3,48,0,0,23,8,0,0,0,23,0,0,0,0,23,0,0,0,0
2021-01-12,1,48,0,0,5,16,0,0,0,0,16,8,0,8,0,16,0,0,16,0,16,0,16,0,0,16,0,0,8,0,14,43,0,0,7,16,0,0,0,0,16,0,0,0,16,16,0,0,0,0,5,10,31,0,0,16,0,0,0,0,16,0,0,0,0,16,0,0,0,0,5,10,31,0,0,16,0,0,0,0,16,0,0,0,0,16,0,0,0,0
2021-01-13,1,51,0,0,1,8,0,0,0,0,8,0,8,8,0,8,0,0,0,0,8,0,16,0,0,8,0,0,16,0,7,42,0,0,7,8,0,0,0,0,8,0,0,0,31,8,0,16,0,0,3,3,33,0,0,8,0,0,0,0,8,0,8,0,0,8,0,0,0,0,3,3,33,0,0,8,0,0,0,0,8,0,8,0,0,8,0,0,0,0
2021-01-14,1,74,0,0,3,8,0,0,0,0,8,8,0,0,0,8,0,0,8,0,8,0,32,8,0,8,0,0,8,0,7,36,0,0,22,8,0,0,0,0,8,0,0,0,8,8,0,0,0,0,3,3,26,0,0,8,0,0,0,0,8,0,0,0,0,8,0,0,0,0,3,3,26,0,0,8,0,0,0,0,8,0,0,0,0,8,0,0,0,0
2021-01-15,3,86,0,0,4,17,0,0,8,0,17,17,0,8,0,17,8,0,8,0,17,0,0,25,0,17,0,0,8,0,15,37,0,0,22,17,0,0,0,0,17,0,0,0,8,17,0,8,0,8,5,3,22,0,0,17,0,0,8,0,17,0,0,0,0,17,0,0,0,0,5,3,22,0,0,17,0,0,8,0,17,0,0,0,0,17,0,0,0,0
2021-01-16,4,63,0,0,1,29,0,0,10,10,29,0,0,0,0,29,0,0,19,0,29,0,0,10,0,29,10,0,0,0,26,34,0,0,0,29,10,0,0,0,29,0,0,0,10,29,0,0,0,0,9,9,50,0,0,29,0,0,0,0,29,0,0,0,0,29,0,0,0,0,9,9,50,0,0,29,0,0,0,0,29,0,0,0,0,29,0,0,0,0
2021-01-17,8,70,0,0,1,62,0,0,18,9,62,18,0,9,0,62,0,0,27,0,62,0,9,18,0,62,0,0,0,0,55,31,0,0,16,62,9,0,0,0,62,0,0,0,35,62,0,0,0,0,20,3,55,0,0,62,0,0,0,0,62,0,0,0,0,62,0,0,0,0,20,3,55,0,0,62,0,0,0,0,62,0,0,0,0,62,0,0,0,0
2021-01-18,3,44,0,0,5,24,0,0,32,0,24,8,0,0,0,24,0,0,8,0,24,0,16,16,0,24,8,0,0,0,22,36,0,0,29,24,0,0,8,0,24,0,0,0,24,24,0,8,0,0,8,0,29,0,0,24,8,0,0,0,24,0,0,0,0,24,0,0,0,0,8,0,29,0,0,24,8,0,0,0,24,0,0,0,0,24,0,0,0,0
2021-01-19,0,33,0,0,5,0,0,0,8,8,0,0,0,0,0,0,0,0,0,0,0,0,8,0,0,0,0,0,0,0,0,22,0,0,36,0,8,0,0,8,0,0,0,0,24,0,0,0,0,0,0,3,32,0,0,0,0,0,0,0,0,0,0,0,0,0,0,0,0,0,0,3,32,0,0,0,0,0,0,0,0,0,0,0,0,0,0,0,0,0
2021-01-20,8,38,1,0,0,62,0,0,16,0,62,0,0,0,0,62,8,0,8,0,62,0,0,16,0,62,0,0,0,0,56,42,0,0,14,62,0,0,0,0,62,0,0,0,23,62,0,0,0,8,20,0,38,0,0,62,0,0,0,0,62,0,0,0,0,62,0,0,0,0,20,0,38,0,0,62,0,0,0,0,62,0,0,0,0,62,0,0,0,0
2021-01-21,1,36,1,0,1,16,0,0,0,0,16,8,0,0,0,16,0,0,16,0,16,0,0,0,0,16,0,0,8,0,14,21,0,0,0,16,0,0,0,0,16,0,0,0,16,16,0,0,0,0,5,5,23,0,0,16,0,0,0,0,16,0,0,0,0,16,0,0,0,0,5,5,23,0,0,16,0,0,0,0,16,0,0,0,0,16,0,0,0,0
2021-01-22,12,63,0,0,7,100,0,0,0,0,100,17,0,0,0,100,0,0,0,0,100,0,8,0,0,100,0,0,0,0,90,37,0,0,15,100,0,0,0,0,100,0,0,0,25,100,0,8,0,0,33,0,63,0,0,100,0,8,0,0,100,0,0,0,0,100,0,0,0,0,33,0,63,0,0,100,0,8,0,0,100,0,0,0,0,100,0,0,0,0
2021-01-23,8,52,0,0,1,67,0,0,0,0,67,29,0,0,0,67,0,0,10,0,67,0,0,9,0,67,0,0,0,0,60,51,0,0,17,67,0,0,0,0,67,0,0,0,10,67,0,0,0,0,22,0,50,0,0,67,0,0,0,0,67,0,0,0,0,67,0,0,0,0,22,0,50,0,0,67,0,0,0,0,67,0,0,0,0,67,0,0,0,0
2021-01-24,4,52,0,0,5,37,0,0,0,9,37,0,0,0,0,37,0,0,9,0,37,0,9,0,0,37,9,0,9,0,33,33,0,0,57,37,9,0,0,0,37,0,0,0,18,37,0,9,0,0,12,0,15,0,0,37,0,0,9,0,37,0,0,0,0,37,0,0,0,0,12,0,15,0,0,37,0,0,9,0,37,0,0,0,0,37,0,0,0,0
2021-01-25,1,30,0,0,0,15,0,0,0,0,15,0,0,8,0,15,0,0,15,0,15,0,8,8,0,15,0,0,0,0,14,48,0,0,28,15,0,0,0,0,15,0,0,0,31,15,0,0,0,0,5,0,18,0,0,15,8,8,0,0,15,0,0,0,0,15,0,0,0,0,5,0,18,0,0,15,8,8,0,0,15,0,0,0,0,15,0,0,0,0
2021-01-26,0,36,0,0,1,0,0,0,0,0,0,0,0,8,0,0,0,0,23,0,0,0,15,8,0,0,8,0,0,0,0,41,0,0,35,0,0,0,0,0,0,0,0,0,8,0,0,0,8,0,0,13,18,0,0,0,0,0,0,0,0,0,0,0,0,0,0,0,0,0,0,13,18,0,0,0,0,0,0,0,0,0,0,0,0,0,0,0,0,0
2021-01-27,1,56,0,0,1,8,0,0,0,0,8,0,8,0,0,8,0,0,32,0,8,0,16,8,0,8,8,0,8,0,7,64,0,0,0,8,0,0,0,0,8,0,0,0,8,8,0,0,0,0,3,3,5,0,0,8,0,0,0,0,8,0,8,0,0,8,0,0,0,0,3,3,5,0,0,8,0,0,0,0,8,0,8,0,0,8,0,0,0,0
2021-01-28,1,49,0,0,0,16,0,0,0,0,16,0,0,8,0,16,0,0,16,0,16,0,16,0,0,16,0,0,0,0,14,14,0,0,21,16,0,0,0,8,16,0,0,0,24,16,0,8,0,0,5,3,18,0,0,16,8,0,0,0,16,0,0,0,0,16,0,0,0,0,5,3,18,0,0,16,8,0,0,0,16,0,0,0,0,16,0,0,0,0
2021-01-29,3,100,0,0,3,25,0,0,17,8,25,0,0,8,0,25,0,0,8,0,25,0,8,25,0,25,0,0,0,0,23,22,0,0,15,25,8,0,0,0,25,0,0,0,50,25,0,0,0,0,8,3,25,0,0,25,0,0,0,0,25,0,0,0,0,25,0,0,0,0,8,3,25,0,0,25,0,0,0,0,25,0,0,0,0,25,0,0,0,0
2021-01-30,0,71,0,0,3,0,0,0,0,0,0,10,0,10,0,0,0,0,0,0,0,0,10,29,0,0,0,0,10,0,0,43,0,0,52,0,0,0,0,0,0,0,0,0,0,0,0,0,0,0,0,0,25,0,0,0,0,0,0,0,0,0,0,0,0,0,0,0,0,0,0,0,25,0,0,0,0,0,0,0,0,0,0,0,0,0,0,0,0,0
2021-01-31,1,73,0,0,0,9,0,0,0,0,9,0,0,0,0,9,9,0,9,0,9,0,9,9,0,9,19,0,0,0,8,25,0,0,41,9,0,0,0,0,9,0,0,0,28,9,0,0,0,9,3,0,9,0,0,9,0,0,0,0,9,0,0,0,0,9,0,0,0,0,3,0,9,0,0,9,0,0,0,0,9,0,0,0,0,9,0,0,0,0
2021-02-01,1,48,0,0,3,64,0,0,0,0,59,0,0,0,0,55,0,0,55,0,16,0,8,8,0,16,0,0,16,0,14,35,0,0,21,16,0,0,0,0,16,0,0,0,8,16,0,16,0,0,5,3,18,0,0,16,0,0,0,0,16,0,0,0,0,16,0,0,0,0,5,3,18,0,0,16,0,0,0,0,16,0,0,0,0,16,0,0,0,0
2021-02-02,1,53,0,0,1,64,0,0,0,0,59,30,0,0,0,55,0,0,55,0,16,0,0,24,0,16,8,0,8,0,14,50,0,0,29,16,0,0,0,0,16,0,0,0,32,16,0,0,0,0,5,3,34,0,0,16,0,0,0,0,16,0,0,0,0,16,0,0,0,0,5,3,34,0,0,16,0,0,0,0,16,0,0,0,0,16,0,0,0,0
2021-02-03,1,44,0,0,1,32,0,0,32,0,30,59,0,0,0,28,0,0,0,0,8,0,0,0,0,8,0,0,0,0,7,22,0,0,58,8,0,0,0,0,8,0,0,0,8,8,0,8,0,0,3,0,24,0,0,8,0,0,8,0,8,0,0,0,0,8,0,0,0,0,3,0,24,0,0,8,0,0,8,0,8,0,0,0,0,8,0,0,0,0
2021-02-04,1,85,1,0,4,64,0,0,0,0,59,0,0,0,0,55,0,0,28,0,16,0,0,8,0,16,0,0,16,0,14,21,0,7,14,16,0,0,0,0,16,0,0,0,16,16,0,0,0,0,5,0,18,0,0,16,8,0,0,0,16,0,0,0,0,16,0,0,0,0,5,0,18,0,0,16,8,0,0,0,16,0,0,0,0,16,0,0,0,0
2021-02-05,1,83,0,0,0,32,0,0,0,32,30,0,30,33,0,28,0,28,28,0,8,0,25,0,0,8,0,0,0,0,8,53,0,8,30,8,8,0,0,0,8,0,0,0,8,8,0,0,0,0,3,3,30,0,0,8,0,0,8,0,8,0,8,0,0,8,0,0,0,0,3,3,30,0,0,8,0,0,8,0,8,0,8,0,0,8,0,0,0,0
2021-02-06,1,57,0,0,1,40,0,0,0,0,37,0,0,37,0,34,0,0,66,0,10,0,19,28,0,10,0,0,29,0,9,42,0,0,51,10,0,0,0,9,10,0,0,0,10,10,0,0,0,0,3,3,16,0,0,10,0,0,0,0,10,0,0,0,0,10,0,0,0,9,3,3,16,0,0,10,0,0,0,0,10,0,0,0,0,10,0,0,0,9
2021-02-07,3,41,0,0,3,72,0,0,0,0,67,0,0,67,0,62,0,0,0,0,18,0,0,18,0,18,0,0,18,0,16,33,0,0,41,18,0,0,0,0,18,0,0,0,9,18,0,0,0,0,6,9,21,0,0,18,0,0,0,0,18,0,0,0,0,18,0,0,0,0,6,9,21,0,0,18,0,0,0,0,18,0,0,0,0,18,0,0,0,0
2021-02-08,1,29,0,0,3,32,0,0,0,32,30,0,30,30,0,28,28,0,28,0,8,0,0,8,0,8,0,0,16,0,7,29,0,0,29,8,8,0,0,0,8,0,0,0,24,8,0,0,8,8,3,0,16,0,0,8,0,0,0,0,8,0,8,0,0,8,0,0,0,0,3,0,16,0,0,8,0,0,0,0,8,0,8,0,0,8,0,0,0,0
2021-02-09,0,40,0,0,1,0,0,0,0,0,0,30,0,30,0,0,0,0,0,0,0,0,0,0,0,0,0,0,17,0,0,22,0,0,22,0,0,0,0,0,0,0,0,0,8,0,0,0,0,0,0,5,13,0,0,0,0,0,0,0,0,0,0,0,0,0,0,0,0,0,0,5,13,0,0,0,0,0,0,0,0,0,0,0,0,0,0,0,0,0
2021-02-10,1,57,0,0,1,36,0,0,0,36,33,0,0,63,0,31,0,31,0,0,9,0,0,9,0,9,0,0,0,0,8,39,0,0,31,9,9,0,0,0,9,9,0,0,35,9,0,0,0,0,3,3,14,0,0,9,0,0,0,0,9,0,0,0,0,9,0,0,0,0,3,3,14,0,0,9,0,0,0,0,9,0,0,0,0,9,0,0,0,0
2021-02-11,1,69,0,0,0,40,0,0,0,40,37,37,0,0,0,34,0,0,0,0,10,0,10,20,0,10,0,0,20,0,9,36,0,0,55,10,10,0,0,20,10,0,0,0,41,10,0,0,0,0,3,3,23,0,0,10,0,0,0,0,10,0,0,0,0,10,0,0,0,0,3,3,23,0,0,10,0,0,0,0,10,0,0,0,0,10,0,0,0,0
2021-02-12,3,100,0,0,1,84,0,0,0,0,78,0,0,0,0,72,0,0,38,0,21,0,0,11,0,21,0,0,21,0,19,19,0,0,9,21,0,0,0,0,21,0,0,0,53,21,0,11,11,0,7,0,34,0,0,21,0,0,0,0,21,0,0,0,0,21,0,0,0,0,7,0,34,0,0,21,0,0,0,0,21,0,0,0,0,21,0,0,0,0
2021-02-13,0,63,0,0,4,0,0,0,0,36,0,33,0,37,0,0,0,0,100,0,0,0,9,9,0,0,0,0,0,0,0,17,0,0,17,0,9,0,0,0,0,0,0,0,19,0,0,0,0,0,0,15,15,0,0,0,10,9,0,0,0,0,0,0,0,0,0,0,0,0,0,15,15,0,0,0,10,9,0,0,0,0,0,0,0,0,0,0,0,0
2021-02-14,0,53,0,0,1,0,0,0,0,0,0,0,0,67,0,0,0,0,31,0,0,0,9,9,0,0,9,0,9,0,0,24,0,8,8,0,0,0,0,0,0,0,0,0,9,0,0,0,0,0,0,3,21,0,0,0,0,0,0,0,0,0,0,0,0,0,0,0,0,0,0,3,21,0,0,0,0,0,0,0,0,0,0,0,0,0,0,0,0,0
2021-02-15,1,40,0,0,1,64,0,0,0,32,59,30,0,0,0,55,0,0,0,0,16,0,8,8,0,16,0,0,8,0,14,42,0,0,28,16,8,0,0,8,16,0,0,0,23,16,0,0,0,0,5,0,18,0,0,16,0,0,8,0,16,0,0,0,0,16,0,0,0,0,5,0,18,0,0,16,0,0,8,0,16,0,0,0,0,16,0,0,0,0
2021-02-16,0,25,0,0,1,0,0,0,0,32,0,59,0,59,0,0,0,0,28,0,0,0,0,24,0,0,0,0,0,0,0,36,0,0,14,0,8,0,0,0,0,0,0,0,8,0,0,0,0,0,0,3,18,0,0,0,0,0,0,0,0,0,0,0,0,0,0,0,0,0,0,3,18,0,0,0,0,0,0,0,0,0,0,0,0,0,0,0,0,0
2021-02-17,1,29,0,0,1,32,0,0,0,0,30,0,30,30,0,28,0,0,0,0,8,0,24,16,0,8,0,0,16,0,7,14,0,0,28,8,0,0,0,8,8,0,0,0,24,8,0,0,0,0,3,5,10,0,0,8,0,0,0,0,8,0,8,0,0,8,0,0,0,0,3,5,10,0,0,8,0,0,0,0,8,0,8,0,0,8,0,0,0,0
2021-02-18,1,31,0,0,3,32,0,0,0,32,30,0,0,30,0,28,0,0,79,0,8,0,0,0,0,8,0,0,0,0,7,49,0,0,21,8,8,0,0,0,8,0,0,0,31,8,0,0,0,0,3,3,15,0,0,8,0,0,0,0,8,0,0,0,0,8,0,0,0,8,3,3,15,0,0,8,0,0,0,0,8,0,0,0,0,8,0,0,0,8
2021-02-19,3,47,0,0,3,100,0,0,0,68,93,0,0,0,0,86,0,0,0,0,25,0,17,25,0,25,0,0,0,0,22,52,7,0,30,25,17,0,0,0,25,0,0,0,50,25,0,0,0,0,8,8,24,0,0,25,17,0,0,0,25,0,0,0,0,25,0,0,0,0,8,8,24,0,0,25,17,0,0,0,25,0,0,0,0,25,0,0,0,0
2021-02-20,1,37,0,0,3,40,0,0,0,0,37,0,0,37,0,34,0,0,34,0,10,0,19,10,0,10,0,0,29,0,9,42,0,0,34,10,0,0,0,19,10,0,0,0,19,10,0,0,0,0,3,3,19,0,0,10,10,0,0,0,10,0,0,0,0,10,0,0,0,0,3,3,19,0,0,10,10,0,0,0,10,0,0,0,0,10,0,0,0,0
2021-02-21,0,53,0,0,3,0,0,0,0,0,0,0,33,100,0,0,0,0,0,0,0,0,0,27,0,0,0,0,9,0,0,16,0,0,33,0,0,0,0,0,0,0,0,0,46,0,0,9,0,0,0,0,24,0,0,0,0,0,0,0,0,0,9,0,0,0,0,0,0,9,0,0,24,0,0,0,0,0,0,0,0,0,9,0,0,0,0,0,0,9
2021-02-22,0,31,0,0,1,0,0,0,0,0,0,0,0,0,0,0,0,0,28,0,0,0,23,8,0,0,0,0,8,0,0,42,0,7,14,0,0,0,0,0,0,0,0,0,23,0,0,0,0,0,0,5,15,0,0,0,0,8,0,0,0,0,0,0,0,0,0,0,0,0,0,5,15,0,0,0,0,8,0,0,0,0,0,0,0,0,0,0,0,0
2021-02-23,0,39,0,0,1,0,0,0,0,32,0,30,0,0,0,0,0,0,0,0,0,0,8,8,0,0,0,0,0,0,0,36,0,0,29,0,8,0,0,0,0,8,0,0,24,0,0,0,0,0,0,8,18,0,0,0,0,0,0,0,0,0,0,0,0,0,0,0,0,8,0,8,18,0,0,0,0,0,0,0,0,0,0,0,0,0,0,0,0,8
2021-02-24,1,25,0,0,1,64,0,0,0,32,59,0,0,0,0,55,0,0,0,0,16,0,16,8,8,16,0,0,0,0,14,14,0,0,0,16,8,0,0,0,16,0,0,0,39,16,0,8,0,0,5,5,18,0,0,16,0,0,0,0,16,0,0,0,0,16,0,0,0,0,5,5,18,0,0,16,0,0,0,0,16,0,0,0,0,16,0,0,0,0
2021-02-25,1,48,0,0,3,32,0,0,0,32,30,0,0,0,0,28,0,0,55,0,8,0,8,16,0,8,0,0,8,0,7,28,0,7,7,8,8,0,0,0,8,0,0,0,16,8,0,0,8,0,3,5,21,0,0,8,8,0,8,0,8,0,0,0,0,8,0,0,0,0,3,5,21,0,0,8,8,0,8,0,8,0,0,0,0,8,0,0,0,0
2021-02-26,1,69,0,0,3,32,0,0,0,0,30,0,30,0,0,28,0,0,28,0,8,0,17,8,0,8,0,0,0,0,8,22,0,0,15,8,0,0,0,0,8,0,0,0,42,8,0,0,0,0,3,0,16,0,0,8,0,0,0,0,8,0,8,0,0,8,0,0,0,17,3,0,16,0,0,8,0,0,0,0,8,0,8,0,0,8,0,0,0,17
2021-02-27,0,63,0,0,3,0,0,0,0,0,0,0,0,0,0,0,0,0,34,0,0,0,100,0,0,0,0,0,0,0,0,35,0,9,53,0,0,0,0,10,0,0,0,0,0,0,0,0,0,0,0,0,13,0,0,0,0,0,0,0,0,0,0,0,0,0,0,0,0,0,0,0,13,0,0,0,0,0,0,0,0,0,0,0,0,0,0,0,0,0
2021-02-28,1,51,0,0,3,36,0,0,36,0,33,0,33,0,0,31,0,0,31,0,9,0,18,18,0,9,18,0,0,0,8,49,0,8,16,9,0,0,0,0,9,0,0,0,18,9,0,9,0,0,3,6,21,0,0,9,0,0,0,0,9,0,9,0,0,9,0,0,0,0,3,6,21,0,0,9,0,0,0,0,9,0,9,0,0,9,0,0,0,0
2021-03-01,0,50,0,0,3,0,0,0,0,38,0,0,0,24,0,0,0,0,30,0,0,0,9,17,0,0,0,0,9,0,0,23,0,0,31,0,9,0,0,0,0,0,0,0,26,0,0,0,0,0,0,6,11,0,0,0,0,0,0,0,0,0,0,0,0,0,0,0,0,0,0,6,11,0,0,0,0,0,0,0,0,0,0,0,0,0,0,0,0,0
2021-03-02,2,28,0,0,2,33,0,0,0,33,21,0,39,0,0,27,0,0,0,0,8,0,23,15,0,8,0,0,0,0,7,21,0,0,28,8,8,0,0,0,8,0,0,0,15,8,0,0,0,0,3,3,10,0,0,8,0,0,0,0,8,0,15,0,0,8,0,0,0,0,3,3,10,0,0,8,0,0,0,0,8,0,15,0,0,8,0,0,0,0
2021-03-03,2,30,0,0,2,33,0,0,33,0,21,0,0,42,0,27,0,0,0,0,8,0,15,23,0,8,8,0,0,0,7,7,0,0,7,8,0,0,0,0,8,0,0,0,46,8,0,0,0,0,3,0,15,0,0,8,0,0,0,0,8,0,0,0,0,8,0,0,0,0,3,0,15,0,0,8,0,0,0,0,8,0,0,0,0,8,0,0,0,0
2021-03-04,0,53,0,0,2,0,0,0,0,0,0,0,0,39,0,0,0,0,0,0,0,0,8,15,0,0,0,0,8,0,0,41,0,0,34,0,0,0,0,0,0,0,0,0,23,0,0,0,0,0,0,2,7,0,0,0,0,0,0,0,0,0,0,0,0,0,0,0,0,0,0,2,7,0,0,0,0,0,0,0,0,0,0,0,0,0,0,0,0,0
2021-03-05,0,62,0,0,2,0,0,0,0,33,0,21,0,63,0,0,0,0,0,0,0,0,16,16,0,0,8,0,0,0,0,42,0,0,43,0,8,0,0,0,0,0,0,0,40,0,0,0,0,0,0,3,21,0,0,0,0,0,0,0,0,0,0,0,0,0,0,0,0,0,0,3,21,0,0,0,0,0,0,0,0,0,0,0,0,0,0,0,0,0
2021-03-06,3,65,0,0,0,79,0,0,0,38,50,24,0,24,0,63,0,0,93,0,19,0,37,28,0,19,0,0,9,0,17,17,0,0,58,19,9,0,0,9,19,0,0,0,37,19,0,9,0,0,6,0,9,0,0,19,0,0,0,0,19,0,0,0,0,19,0,0,0,0,6,0,9,0,0,19,0,0,0,0,19,0,0,0,0,19,0,0,0,0
2021-03-07,0,62,0,0,3,0,0,0,0,38,0,0,0,71,0,0,0,0,30,0,0,0,18,18,0,0,0,0,9,0,0,40,0,8,40,0,9,0,0,0,0,0,0,0,45,0,0,9,0,0,0,3,3,0,0,0,0,0,0,0,0,0,0,0,0,0,0,0,0,0,0,3,3,0,0,0,0,0,0,0,0,0,0,0,0,0,0,0,0,0
2021-03-08,0,30,0,0,3,0,0,0,0,0,0,0,0,39,0,0,23,0,100,0,0,0,15,15,0,0,0,0,0,0,0,40,0,0,53,0,0,0,0,7,0,0,0,0,22,0,0,0,0,7,0,5,12,0,0,0,0,7,0,0,0,0,0,0,0,0,0,0,0,0,0,5,12,0,0,0,0,7,0,0,0,0,0,0,0,0,0,0,0,0
2021-03-09,0,28,0,0,0,0,0,0,0,0,0,18,0,0,0,0,0,0,23,0,0,0,22,0,0,0,0,0,0,0,0,53,0,0,7,0,0,0,0,7,0,0,0,0,22,0,0,0,0,0,0,0,7,0,0,0,0,0,0,0,0,0,0,0,0,0,0,0,0,0,0,0,7,0,0,0,0,0,0,0,0,0,0,0,0,0,0,0,0,0
2021-03-10,0,45,0,0,2,0,0,0,0,33,0,21,0,21,0,0,0,0,50,0,0,0,23,15,0,0,0,0,0,0,0,34,0,0,34,0,8,0,0,0,0,0,0,0,15,0,0,0,0,0,0,5,10,0,0,0,0,0,0,0,0,0,0,0,0,0,0,0,0,0,0,5,10,0,0,0,0,0,0,0,0,0,0,0,0,0,0,0,0,0
2021-03-11,0,63,0,0,5,0,0,0,0,29,0,0,18,18,0,0,0,0,23,0,0,0,15,7,0,0,0,0,7,0,0,0,0,7,33,0,7,0,0,0,0,0,0,0,37,0,0,0,0,0,0,5,2,0,0,0,0,0,0,0,0,0,7,0,0,0,0,0,0,0,0,5,2,0,0,0,0,0,0,0,0,0,7,0,0,0,0,0,0,0
2021-03-12,2,100,0,0,3,33,0,0,0,33,21,0,0,21,0,27,0,0,0,0,8,0,32,8,0,8,0,0,0,0,7,28,0,0,21,8,8,0,0,8,8,0,0,0,24,8,0,8,0,0,3,8,10,0,0,8,0,0,0,0,8,0,0,0,0,8,0,0,0,0,3,8,10,0,0,8,0,0,0,0,8,0,0,0,0,8,0,0,0,0
2021-03-13,0,58,0,0,3,0,0,0,0,0,0,0,0,47,0,0,0,0,0,0,0,0,0,100,0,0,0,0,18,0,0,33,0,0,25,0,0,0,0,18,0,0,0,0,9,0,0,0,9,0,0,6,3,0,0,0,0,0,0,0,0,0,0,0,0,0,0,0,0,9,0,6,3,0,0,0,0,0,0,0,0,0,0,0,0,0,0,0,0,9
2021-03-14,2,52,0,0,2,33,0,0,0,100,21,0,0,21,0,27,27,27,80,0,8,0,16,16,0,8,0,0,0,0,7,51,0,0,44,8,24,0,0,0,8,0,0,0,33,8,0,0,8,8,3,3,5,0,0,8,0,0,0,0,8,0,0,0,0,8,0,0,0,0,3,3,5,0,0,8,0,0,0,0,8,0,0,0,0,8,0,0,0,0
2021-03-15,0,35,0,0,2,0,0,0,0,0,0,0,0,0,0,0,0,0,0,0,0,0,19,31,0,0,0,0,6,0,0,17,0,0,23,0,0,0,0,0,0,0,0,0,25,0,0,0,0,0,0,4,4,0,0,0,0,0,0,0,0,0,0,0,0,0,0,0,0,0,0,4,4,0,0,0,0,0,0,0,0,0,0,0,0,0,0,0,0,0
2021-03-16,2,38,0,0,2,25,0,0,0,50,16,16,16,16,0,20,0,0,20,0,6,0,6,18,0,6,12,0,6,0,5,27,0,0,22,6,12,0,0,0,6,0,0,0,25,6,0,0,12,0,2,4,12,0,0,6,0,0,0,0,6,0,6,0,0,6,0,0,0,0,2,4,12,0,0,6,0,0,0,0,6,0,6,0,0,6,0,0,0,0
2021-03-17,0,35,0,0,2,0,0,0,0,0,0,0,0,39,0,0,0,0,0,0,0,0,23,8,0,0,8,0,30,0,0,47,0,0,20,0,0,0,0,0,0,0,0,0,15,0,0,0,0,0,0,2,10,0,0,0,0,0,0,0,0,0,0,0,0,0,0,0,0,0,0,2,10,0,0,0,0,0,0,0,0,0,0,0,0,0,0,0,0,0
2021-03-18,0,37,0,0,2,0,0,0,0,0,0,0,0,39,0,0,0,0,73,0,0,0,30,7,0,0,0,0,7,0,0,33,0,0,33,0,0,0,0,0,0,0,0,0,22,0,0,0,0,0,0,0,7,0,0,0,0,0,0,0,0,0,0,0,0,0,0,0,0,0,0,0,7,0,0,0,0,0,0,0,0,0,0,0,0,0,0,0,0,0
2021-03-19,0,73,0,0,2,0,0,0,0,33,0,0,0,63,0,0,0,27,0,0,0,0,23,8,0,0,0,0,0,0,0,42,0,0,14,0,8,0,0,0,0,8,0,0,39,0,0,0,0,0,0,0,0,0,0,0,0,0,0,0,0,0,0,0,0,0,0,0,0,0,0,0,0,0,0,0,0,0,0,0,0,0,0,0,0,0,0,0,0,0
2021-03-20,2,53,0,0,3,38,0,0,0,0,24,0,0,89,0,30,0,0,30,0,9,0,9,26,0,9,9,0,34,0,8,38,0,0,46,9,0,0,0,0,9,0,0,0,26,9,0,0,0,0,3,8,8,0,0,9,0,0,0,0,9,0,0,0,0,9,0,0,0,0,3,8,8,0,0,9,0,0,0,0,9,0,0,0,0,9,0,0,0,0
2021-03-21,0,67,2,0,3,0,0,0,0,0,0,0,0,66,0,0,0,0,53,0,0,0,8,0,0,0,0,0,25,0,0,22,0,0,29,0,0,0,0,0,0,0,0,0,33,0,0,0,0,0,0,5,0,0,0,0,0,0,0,0,0,0,0,0,0,0,0,0,0,0,0,5,0,0,0,0,0,0,0,0,0,0,0,0,0,0,0,0,0,0
2021-03-22,0,45,0,0,2,0,0,0,0,29,0,0,18,18,0,0,0,0,47,0,0,0,29,0,0,0,0,0,14,0,0,26,0,0,39,0,7,0,0,0,0,0,0,0,14,0,0,0,7,0,0,2,2,0,0,0,0,0,0,0,0,0,7,0,0,0,0,0,0,0,0,2,2,0,0,0,0,0,0,0,0,0,7,0,0,0,0,0,0,0
2021-03-23,0,53,0,0,3,0,0,0,0,58,0,0,0,18,0,0,0,0,23,0,0,0,21,21,7,0,0,0,14,0,0,32,0,6,45,0,14,0,0,0,0,0,0,0,21,0,0,7,0,0,0,5,9,0,0,0,0,0,0,0,0,0,0,0,0,0,0,0,0,0,0,5,9,0,0,0,0,0,0,0,0,0,0,0,0,0,0,0,0,0
2021-03-24,0,45,0,0,5,0,0,0,0,0,0,0,0,39,0,0,0,0,77,0,0,0,8,15,0,0,0,0,15,0,0,47,0,0,34,0,0,0,0,8,0,0,0,0,23,0,0,0,0,0,0,2,17,0,0,0,0,8,0,0,0,0,0,0,0,0,0,0,0,8,0,2,17,0,0,0,0,8,0,0,0,0,0,0,0,0,0,0,0,8
2021-03-25,0,53,0,0,0,0,0,0,0,29,0,0,0,39,0,0,0,0,23,0,0,0,0,30,0,0,0,0,0,0,0,13,0,0,40,0,7,0,0,7,0,0,0,0,45,0,0,0,0,0,0,2,2,0,0,0,0,0,0,0,0,0,0,0,0,0,0,0,0,0,0,2,2,0,0,0,0,0,0,0,0,0,0,0,0,0,0,0,0,0
2021-03-26,0,77,0,0,2,0,0,0,0,33,0,0,0,100,0,0,0,0,77,0,0,0,8,23,8,0,8,0,23,0,0,34,0,0,27,0,8,0,0,0,0,0,0,0,23,0,0,0,0,0,0,7,7,0,0,0,0,8,0,0,0,0,0,0,0,0,0,0,0,0,0,7,7,0,0,0,0,8,0,0,0,0,0,0,0,0,0,0,0,0
2021-03-27,2,65,0,0,0,38,0,0,0,71,24,0,0,24,0,30,0,0,0,0,9,0,17,9,0,9,0,0,9,0,8,38,0,0,46,9,17,0,0,0,9,0,0,0,26,9,0,0,9,0,3,0,8,0,0,9,0,0,0,0,9,0,0,0,0,9,0,0,0,0,3,0,8,0,0,9,0,0,0,0,9,0,0,0,0,9,0,0,0,0
2021-03-28,0,52,0,0,2,0,0,0,0,0,0,0,0,21,0,0,0,0,27,0,0,0,42,25,0,0,0,0,17,0,0,30,0,0,15,0,0,0,0,0,0,0,0,0,8,0,0,0,0,0,0,3,14,0,0,0,0,0,0,0,0,0,0,0,0,0,0,0,0,0,0,3,14,0,0,0,0,0,0,0,0,0,0,0,0,0,0,0,0,0
2021-03-29,2,40,0,0,2,29,0,0,0,0,18,0,0,37,0,23,0,0,23,0,7,0,29,14,0,7,0,0,7,0,6,32,0,0,13,7,0,0,0,0,7,0,0,0,22,7,0,0,0,0,2,5,2,0,0,7,0,0,0,0,7,0,0,0,0,7,0,0,0,0,2,5,2,0,0,7,0,0,0,0,7,0,0,0,0,7,0,0,0,0
2021-03-30,0,32,0,0,3,0,0,0,0,58,0,0,37,18,0,0,0,0,23,0,0,0,50,14,0,0,0,0,29,0,0,32,0,0,32,0,14,0,0,7,0,0,0,0,14,0,0,0,0,0,0,0,2,0,0,0,0,0,0,0,0,0,14,0,0,0,0,0,0,0,0,0,2,0,0,0,0,0,0,0,0,0,14,0,0,0,0,0,0,0
2021-03-31,2,40,0,0,3,33,0,0,33,0,21,0,0,39,0,27,0,0,0,0,8,0,38,8,0,8,0,0,0,0,7,7,0,13,27,8,0,0,0,0,8,0,0,0,68,8,0,0,0,0,2,0,7,0,0,8,0,0,0,0,8,0,0,0,0,8,0,0,0,0,2,0,7,0,0,8,0,0,0,0,8,0,0,0,0,8,0,0,0,0
2021-04-01,0,96,0,0,2,0,0,0,0,0,0,0,0,58,0,0,0,0,48,0,0,0,7,22,0,0,0,0,0,0,0,13,0,0,13,0,0,0,0,0,0,0,0,0,29,0,0,0,0,0,0,0,2,0,0,0,0,0,0,0,0,0,0,0,0,0,0,0,0,0,0,0,2,0,0,0,0,0,0,0,0,0,0,0,0,0,0,0,0,0
2021-04-02,0,83,0,0,2,0,0,0,0,43,0,0,0,31,0,0,0,0,100,0,0,0,31,15,0,0,0,0,8,0,0,41,7,0,41,0,15,0,0,0,0,0,0,0,15,0,0,0,0,0,0,0,0,0,0,0,0,0,0,0,0,0,0,0,0,0,0,0,0,0,0,0,0,0,0,0,0,0,0,0,0,0,0,0,0,0,0,0,0,0
2021-04-03,0,79,0,0,2,0,0,0,0,0,0,0,31,31,0,0,0,0,26,0,0,0,16,8,0,0,0,0,25,0,0,29,0,0,29,0,0,0,0,0,0,0,0,0,33,0,0,0,0,0,0,0,3,0,0,0,0,0,0,0,0,0,8,0,0,0,0,0,0,0,0,0,3,0,0,0,0,0,0,0,0,0,8,0,0,0,0,0,0,0
2021-04-04,0,55,0,0,2,0,0,0,0,0,0,0,31,92,0,0,0,0,52,0,0,0,32,8,0,0,0,0,40,0,0,79,0,0,14,0,0,0,0,0,0,0,0,0,24,0,0,0,0,0,0,5,0,0,0,0,0,0,0,0,0,0,8,0,0,0,0,0,0,0,0,5,0,0,0,0,0,0,0,0,0,0,8,0,0,0,0,0,0,0
2021-04-05,2,53,0,0,2,20,0,0,0,20,27,0,0,85,0,23,0,0,71,0,7,0,22,7,0,7,0,0,15,0,7,33,0,0,33,7,7,0,0,0,7,0,0,0,7,7,0,0,0,0,2,0,7,0,0,7,0,0,0,0,7,0,0,0,0,7,0,0,0,0,2,0,7,0,0,7,0,0,0,0,7,0,0,0,0,7,0,0,0,0
2021-04-06,0,57,0,0,4,0,0,0,0,43,0,0,27,27,0,0,0,0,23,0,0,0,22,0,0,0,0,0,0,0,0,26,0,7,13,0,15,0,0,0,0,0,0,0,22,0,0,0,0,0,0,0,5,0,0,0,0,0,0,0,0,0,7,0,0,0,0,0,0,0,0,0,5,0,0,0,0,0,0,0,0,0,7,0,0,0,0,0,0,0
2021-04-07,0,55,0,0,6,0,0,0,0,43,0,0,27,58,0,0,0,0,23,0,0,0,29,29,0,0,0,0,7,0,0,26,0,0,26,0,15,0,0,0,0,0,0,0,7,0,0,0,0,0,0,0,2,0,0,0,0,0,0,0,0,0,7,0,0,0,0,0,0,0,0,0,2,0,0,0,0,0,0,0,0,0,7,0,0,0,0,0,0,0
2021-04-08,0,113,0,0,2,0,0,0,0,43,0,0,27,0,0,0,0,0,48,0,0,0,22,0,0,0,7,0,0,0,0,20,0,0,0,0,15,0,0,0,0,0,0,0,22,0,0,7,0,0,0,0,0,0,0,0,0,0,0,0,0,0,7,0,0,0,0,0,0,0,0,0,0,0,0,0,0,0,0,0,0,0,7,0,0,0,0,0,0,0
2021-04-09,0,94,0,0,2,0,0,0,0,23,0,0,0,31,0,0,0,0,0,0,0,0,15,0,8,0,0,0,0,0,0,47,0,0,20,0,8,0,0,0,0,0,0,0,23,0,0,0,0,0,0,0,5,0,0,0,0,0,0,0,0,0,0,0,0,0,0,0,0,0,0,0,5,0,0,0,0,0,0,0,0,0,0,0,0,0,0,0,0,0
2021-04-10,0,81,0,0,0,0,0,0,0,0,0,0,0,31,0,0,0,0,0,0,0,0,25,8,0,0,0,0,8,0,0,76,0,0,38,0,0,0,0,0,0,0,0,0,34,0,0,8,0,0,0,0,8,0,0,0,0,0,0,0,0,0,0,0,0,0,0,0,0,0,0,0,8,0,0,0,0,0,0,0,0,0,0,0,0,0,0,0,0,0
2021-04-11,2,55,0,0,2,46,0,0,0,46,62,0,62,31,0,52,0,0,77,0,16,0,8,16,0,16,0,0,0,0,15,51,0,0,7,16,16,0,0,0,16,0,0,0,32,16,0,0,0,0,5,3,16,0,0,16,0,0,0,0,16,0,16,0,0,16,0,0,0,0,5,3,16,0,0,16,0,0,0,0,16,0,16,0,0,16,0,0,0,0
2021-04-12,0,49,0,0,0,0,0,0,0,20,0,0,0,27,0,0,0,0,23,0,0,0,28,14,0,0,7,0,21,0,0,50,0,0,6,0,7,0,0,0,0,0,0,0,21,0,0,7,0,0,0,0,2,0,0,0,0,0,0,0,0,0,0,0,0,0,0,0,0,0,0,0,2,0,0,0,0,0,0,0,0,0,0,0,0,0,0,0,0,0
2021-04-13,0,51,0,0,2,0,0,0,0,0,0,0,0,54,0,0,0,0,0,0,0,0,35,0,0,0,7,0,21,0,0,56,0,6,31,0,0,0,0,0,0,0,0,0,42,0,0,0,0,0,0,5,2,0,0,0,0,0,0,0,0,0,0,0,0,0,0,0,0,7,0,5,2,0,0,0,0,0,0,0,0,0,0,0,0,0,0,0,0,7
2021-04-14,0,51,0,0,0,0,0,0,0,20,0,0,0,27,0,0,0,0,68,0,0,0,7,0,0,0,0,0,7,0,0,25,0,0,25,0,7,0,0,0,0,0,0,0,7,0,0,0,0,0,0,2,5,0,0,0,0,0,0,0,0,0,0,0,0,0,0,0,0,0,0,2,5,0,0,0,0,0,0,0,0,0,0,0,0,0,0,0,0,0
2021-04-15,2,53,0,0,2,20,0,0,0,20,27,0,0,0,0,23,0,0,45,0,7,0,0,0,0,7,0,0,0,0,6,52,0,0,26,7,7,0,0,0,7,0,0,0,51,7,0,0,7,0,2,0,5,0,0,7,0,0,0,0,7,0,0,0,0,7,0,0,0,0,2,0,5,0,0,7,0,0,0,0,7,0,0,0,0,7,0,0,0,0
2021-04-16,0,85,0,0,2,0,0,0,0,0,0,0,0,0,0,0,0,0,23,0,0,0,7,22,0,0,0,0,0,0,0,47,0,0,27,0,0,0,0,0,0,0,0,0,15,0,0,0,0,0,0,2,0,0,0,0,0,0,0,0,0,0,0,0,0,0,0,0,0,0,0,2,0,0,0,0,0,0,0,0,0,0,0,0,0,0,0,0,0,0
2021-04-17,0,57,0,0,4,0,0,0,0,0,0,0,0,69,0,0,0,0,29,0,0,0,18,9,0,0,0,0,0,0,0,8,0,0,48,0,0,0,0,9,0,0,0,0,18,0,0,9,0,0,0,0,6,0,0,0,0,0,0,0,0,0,0,0,0,0,0,0,0,0,0,0,6,0,0,0,0,0,0,0,0,0,0,0,0,0,0,0,0,0
2021-04-18,4,51,0,0,11,74,0,0,0,49,100,0,0,100,0,84,0,0,29,0,26,0,100,17,0,26,0,0,26,0,23,23,0,0,47,26,17,0,0,9,26,0,0,0,35,26,0,0,0,0,8,0,8,0,0,26,0,0,0,0,26,0,0,0,0,26,0,0,0,0,8,0,8,0,0,26,0,0,0,0,26,0,0,0,0,26,0,0,0,0
2021-04-19,0,66,0,0,0,0,0,0,0,0,0,0,0,0,0,0,0,0,23,0,0,0,15,0,0,0,0,0,7,0,0,26,0,0,20,0,0,0,0,0,0,0,0,0,15,0,0,0,0,0,0,0,2,0,0,0,0,0,0,0,0,0,0,0,0,0,0,0,0,0,0,0,2,0,0,0,0,0,0,0,0,0,0,0,0,0,0,0,0,0
2021-04-20,0,49,0,0,4,0,0,0,0,63,0,0,54,0,0,0,0,0,23,0,0,0,22,7,0,0,7,0,14,0,0,38,0,0,13,0,22,0,0,0,0,0,0,0,7,0,0,7,0,0,0,0,2,0,0,0,0,0,0,0,0,0,14,0,0,0,0,0,0,0,0,0,2,0,0,0,0,0,0,0,0,0,14,0,0,0,0,0,0,0
2021-04-21,0,60,0,0,2,0,0,0,0,0,0,0,0,0,0,0,0,0,23,0,0,0,7,15,0,0,0,0,15,0,0,67,0,0,20,0,0,0,0,0,0,0,0,0,7,0,0,0,0,0,0,0,5,0,0,0,0,0,0,0,0,0,0,0,0,0,0,0,0,0,0,0,5,0,0,0,0,0,0,0,0,0,0,0,0,0,0,0,0,0
2021-04-22,2,96,0,0,2,20,0,0,20,63,27,0,0,0,0,23,0,0,23,0,7,0,30,0,0,7,8,0,37,0,7,33,0,0,20,7,22,0,0,0,7,0,0,0,30,7,0,0,0,0,2,0,2,0,0,7,0,0,0,0,7,0,0,0,0,7,0,0,0,0,2,0,2,0,0,7,0,0,0,0,7,0,0,0,0,7,0,0,0,0
2021-04-23,0,100,0,0,2,0,0,0,0,0,0,0,0,0,0,0,0,0,0,0,0,0,8,0,0,0,0,0,45,0,0,41,0,0,14,0,0,0,0,0,0,0,0,0,8,0,0,0,0,0,0,2,5,0,0,0,0,0,0,0,0,0,0,0,0,0,0,0,0,0,0,2,5,0,0,0,0,0,0,0,0,0,0,0,0,0,0,0,0,0
2021-04-24,0,79,0,0,4,0,0,0,0,100,0,0,35,0,0,0,0,0,29,0,0,0,17,0,0,0,0,0,17,0,0,31,0,0,23,0,35,0,0,0,0,0,0,0,26,0,0,0,9,0,0,0,8,0,0,0,0,0,0,0,0,0,9,0,0,0,0,0,0,0,0,0,8,0,0,0,0,0,0,0,0,0,9,0,0,0,0,0,0,0
2021-04-25,0,83,0,0,0,0,0,0,0,0,0,0,0,0,0,0,0,0,77,0,0,0,40,8,0,0,0,0,8,0,0,50,0,0,14,0,0,0,0,0,0,0,0,0,24,0,0,0,16,0,0,3,3,0,0,0,0,0,0,0,0,0,0,0,0,0,0,0,0,0,0,3,3,0,0,0,0,0,0,0,0,0,0,0,0,0,0,0,0,0
2021-04-26,0,64,0,0,2,0,0,0,0,43,0,0,0,0,0,0,0,0,48,0,0,0,36,15,0,0,0,0,7,0,0,39,0,0,19,0,15,0,0,0,0,0,0,0,7,0,0,0,0,0,0,0,2,0,0,0,0,0,0,0,0,0,0,0,0,0,0,0,0,0,0,0,2,0,0,0,0,0,0,0,0,0,0,0,0,0,0,0,0,0
2021-04-27,0,68,0,0,2,0,0,0,0,63,0,0,0,0,0,0,0,0,23,0,0,0,15,22,0,0,7,0,36,0,0,45,0,0,7,0,22,0,0,0,0,0,0,0,7,0,0,0,0,0,0,0,5,0,0,0,0,0,0,0,0,0,0,0,0,0,0,0,0,7,0,0,5,0,0,0,0,0,0,0,0,0,0,0,0,0,0,0,0,7
2021-04-28,0,55,0,0,6,0,0,0,0,63,0,0,0,31,0,0,0,0,48,0,0,0,22,7,0,0,0,0,45,0,0,40,0,0,7,0,22,0,0,0,0,0,0,0,7,0,0,7,0,0,0,0,2,0,0,0,0,0,0,0,0,0,0,0,0,0,0,0,0,0,0,0,2,0,0,0,0,0,0,0,0,0,0,0,0,0,0,0,0,0
2021-04-29,0,68,0,0,0,0,0,0,0,20,0,0,0,27,0,0,0,0,71,0,0,0,29,0,0,0,0,0,22,0,0,58,0,0,6,0,7,0,0,0,0,0,0,0,0,0,0,0,0,0,0,0,0,0,0,0,0,0,0,0,0,0,0,0,0,0,0,0,0,0,0,0,0,0,0,0,0,0,0,0,0,0,0,0,0,0,0,0,0,0
2021-04-30,0,83,0,0,0,0,0,0,0,86,0,0,0,0,0,0,0,0,0,0,0,0,15,0,0,0,8,0,0,0,0,34,0,0,20,0,30,0,0,0,0,0,0,0,0,0,0,0,0,0,0,0,7,0,0,0,0,0,0,0,0,0,0,0,8,0,0,0,0,0,0,0,7,0,0,0,0,0,0,0,0,0,0,0,8,0,0,0,0,0
2021-05-01,0,100,0,0,4,0,0,0,0,0,0,0,0,0,0,0,0,0,0,0,0,0,17,0,0,0,0,0,17,0,0,31,0,0,31,0,0,0,0,0,0,0,0,0,35,0,0,0,0,0,0,3,3,0,0,0,0,0,0,0,0,0,0,0,0,0,0,0,0,0,0,3,3,0,0,0,0,0,0,0,0,0,0,0,0,0,0,0,0,0
2021-05-02,0,83,0,0,6,0,0,0,0,26,0,0,0,0,0,0,0,0,25,0,0,0,17,0,0,0,9,0,8,0,0,23,0,0,15,0,17,0,0,0,0,0,0,0,0,0,0,0,0,0,0,3,3,0,0,0,0,0,0,0,0,0,0,0,0,0,0,0,0,8,0,3,3,0,0,0,0,0,0,0,0,0,0,0,0,0,0,0,0,8
2021-05-03,0,44,0,0,2,0,0,0,0,23,0,50,0,50,0,0,0,0,25,0,0,0,30,8,0,0,0,0,23,0,0,40,0,0,7,0,15,0,0,0,0,0,0,0,15,0,0,0,0,0,0,0,10,0,0,0,0,0,0,0,0,0,0,0,0,0,0,0,0,0,0,0,10,0,0,0,0,0,0,0,0,0,0,0,0,0,0,0,0,0
2021-05-04,0,65,0,0,2,0,0,0,0,23,0,0,0,0,0,0,0,0,91,0,0,0,22,0,0,0,0,0,0,0,0,20,0,0,13,0,15,0,0,7,0,0,0,0,22,0,0,0,0,0,0,0,2,0,0,0,0,0,0,0,0,0,0,0,0,0,0,0,0,0,0,0,2,0,0,0,0,0,0,0,0,0,0,0,0,0,0,0,0,0
2021-05-05,0,81,0,0,4,0,0,0,0,14,0,0,0,56,0,0,0,0,28,0,0,0,17,0,0,0,0,0,9,0,0,15,0,0,15,0,9,0,0,9,0,0,0,0,9,0,0,0,0,0,0,0,0,0,0,0,0,0,0,0,0,0,0,0,0,0,0,0,0,0,0,0,0,0,0,0,0,0,0,0,0,0,0,0,0,0,0,0,0,0
2021-05-06,0,70,0,0,2,0,0,0,0,33,0,0,0,0,0,0,0,22,0,0,0,0,7,7,0,0,7,0,37,0,0,52,0,0,13,0,22,0,0,0,0,0,0,0,7,0,0,0,0,0,0,5,0,0,0,0,0,0,0,0,0,0,0,0,0,0,0,0,0,0,0,5,0,0,0,0,0,0,0,0,0,0,0,0,0,0,0,0,0,0
2021-05-07,0,78,0,0,2,0,0,0,0,0,0,0,0,94,0,0,0,0,25,0,0,0,7,0,0,0,0,0,15,0,0,53,0,0,7,0,0,0,0,0,0,0,0,0,22,0,0,0,0,0,0,0,0,0,0,0,0,0,0,0,0,0,0,0,7,0,0,0,0,0,0,0,0,0,0,0,0,0,0,0,0,0,0,0,7,0,0,0,0,0
2021-05-08,2,69,0,0,0,12,0,0,0,0,50,0,0,0,0,25,0,0,25,0,8,0,100,0,0,8,0,0,8,0,8,30,0,0,30,8,0,0,0,8,8,0,0,0,25,8,0,0,0,0,3,0,8,0,0,8,0,0,0,0,8,0,0,0,0,8,0,0,0,0,3,0,8,0,0,8,0,0,0,0,8,0,0,0,0,8,0,0,0,0
2021-05-09,0,56,0,0,2,0,0,0,0,50,0,0,0,100,0,0,0,0,78,0,0,0,0,8,0,0,0,0,25,0,0,37,0,0,44,0,33,0,0,0,0,0,0,0,33,0,0,0,0,0,0,3,3,0,0,0,0,0,0,0,0,0,0,0,0,0,0,0,0,0,0,3,3,0,0,0,0,0,0,0,0,0,0,0,0,0,0,0,0,0
2021-05-10,0,37,0,0,2,0,0,0,0,21,0,44,0,44,0,0,0,0,63,0,0,0,7,7,0,0,7,0,14,0,0,12,0,0,18,0,14,0,0,0,0,0,0,0,14,0,0,0,0,0,0,2,7,0,0,0,7,0,0,0,0,0,0,0,0,0,0,0,0,0,0,2,7,0,0,0,7,0,0,0,0,0,0,0,0,0,0,0,0,0
2021-05-11,0,44,0,0,2,0,0,0,0,32,0,0,0,0,0,0,0,0,22,0,0,0,21,14,0,0,7,0,21,0,0,31,0,6,13,0,21,0,0,0,0,0,0,0,28,0,0,0,0,0,0,0,0,0,0,0,0,0,0,0,0,0,0,0,0,0,0,0,0,7,0,0,0,0,0,0,0,0,0,0,0,0,0,0,0,0,0,0,0,7
2021-05-12,0,39,0,0,2,0,0,0,0,100,0,0,0,0,0,0,0,0,116,0,0,0,0,15,0,0,0,0,44,0,0,33,0,0,13,0,66,0,0,0,0,0,0,0,7,0,0,0,0,0,0,0,2,0,0,0,0,0,0,0,0,0,0,0,0,0,0,0,0,0,0,0,2,0,0,0,0,0,0,0,0,0,0,0,0,0,0,0,0,0
2021-05-13,0,67,0,0,2,0,0,0,0,44,0,0,0,0,0,0,0,0,44,0,0,0,7,7,0,0,0,0,14,0,0,45,0,0,6,0,29,0,0,0,0,0,0,0,36,0,0,0,0,0,0,0,2,0,0,0,0,7,0,0,0,0,0,0,7,0,0,0,0,0,0,0,2,0,0,0,0,7,0,0,0,0,0,0,7,0,0,0,0,0
2021-05-14,0,76,0,0,4,0,0,0,0,23,0,0,0,0,0,0,0,0,47,0,0,0,23,0,0,0,8,0,31,0,0,34,0,0,14,0,15,0,0,0,0,0,0,0,15,0,0,8,0,0,0,0,0,0,0,0,0,0,0,0,0,0,0,0,8,0,0,0,0,8,0,0,0,0,0,0,0,0,0,0,0,0,0,0,8,0,0,0,0,8
2021-05-15,0,54,0,0,7,0,0,0,0,38,0,0,0,0,0,0,0,0,25,0,0,0,17,0,0,0,0,0,0,0,0,30,0,0,7,0,25,0,0,0,0,0,0,0,8,0,0,0,0,0,0,0,0,0,0,0,0,0,0,0,0,0,0,0,0,0,0,0,0,0,0,0,0,0,0,0,0,0,0,0,0,0,0,0,0,0,0,0,0,0
2021-05-16,0,65,0,0,0,0,0,0,0,24,0,0,0,0,0,0,0,0,25,0,0,0,0,16,0,0,16,0,31,0,0,42,0,0,14,0,16,0,0,0,0,0,0,0,8,0,0,0,0,0,0,3,5,0,0,0,0,0,0,0,0,0,0,0,0,0,0,0,0,0,0,3,5,0,0,0,0,0,0,0,0,0,0,0,0,0,0,0,0,0
2021-05-17,2,43,0,0,2,11,0,0,0,11,44,0,0,0,0,22,0,0,22,0,7,0,28,0,0,7,0,0,7,0,6,19,0,0,6,7,7,0,0,0,7,0,0,0,7,7,0,0,0,0,2,0,7,0,0,7,0,0,0,0,7,0,0,0,0,7,0,0,0,7,2,0,7,0,0,7,0,0,0,0,7,0,0,0,0,7,0,0,0,7
2021-05-18,0,44,0,0,0,0,0,0,0,33,0,0,0,0,0,0,0,0,0,0,0,0,7,0,0,0,7,0,37,0,0,33,0,0,13,0,22,0,0,0,0,0,0,0,22,0,0,7,0,0,0,5,5,0,0,0,0,0,0,0,0,0,0,0,0,0,0,0,0,0,0,5,5,0,0,0,0,0,0,0,0,0,0,0,0,0,0,0,0,0
2021-05-19,0,50,0,0,0,0,0,0,0,12,0,50,0,0,0,0,0,0,100,0,0,0,0,0,0,0,0,0,40,0,0,100,0,0,7,0,8,0,0,0,0,0,0,0,16,0,0,0,0,0,0,3,5,0,0,0,0,0,0,0,0,0,0,0,0,0,0,0,0,0,0,3,5,0,0,0,0,0,0,0,0,0,0,0,0,0,0,0,0,0
2021-05-20,0,46,0,0,2,0,0,0,0,21,0,0,0,88,0,0,0,0,91,0,0,0,14,21,0,0,0,0,7,0,0,26,0,0,13,0,14,0,0,0,0,0,0,0,14,0,0,0,0,0,0,0,0,0,0,0,0,0,0,0,0,0,0,0,14,0,0,0,0,0,0,0,0,0,0,0,0,0,0,0,0,0,0,0,14,0,0,0,0,0
2021-05-21,2,70,0,0,4,12,0,0,0,12,50,0,50,50,0,25,0,0,47,0,8,0,15,0,0,8,8,0,15,0,7,34,0,0,0,8,8,0,0,0,8,0,0,0,30,8,0,0,0,0,2,2,2,0,0,8,0,0,0,0,8,0,8,0,0,8,0,0,0,0,2,2,2,0,0,8,0,0,0,0,8,0,8,0,0,8,0,0,0,0
2021-05-22,0,52,0,0,4,0,0,0,0,39,0,0,0,0,0,0,28,0,81,0,0,0,17,0,0,0,0,0,9,0,0,46,0,0,8,0,26,0,0,0,0,0,0,0,26,0,0,0,0,9,0,0,0,0,0,0,0,0,0,0,0,0,0,0,0,0,0,0,0,0,0,0,0,0,0,0,0,0,0,0,0,0,0,0,0,0,0,0,0,0
2021-05-23,0,48,0,0,2,0,0,0,0,24,0,0,0,0,0,0,0,0,25,0,0,0,8,0,0,0,0,0,8,0,0,50,0,0,7,0,16,0,0,0,0,0,0,0,24,0,0,0,0,0,0,0,0,0,0,0,0,0,0,0,0,0,0,0,0,0,0,0,0,0,0,0,0,0,0,0,0,0,0,0,0,0,0,0,0,0,0,0,0,0
2021-05-24,0,33,0,0,2,0,0,0,0,21,0,0,0,44,0,0,0,0,66,0,0,0,21,0,0,0,0,0,7,0,0,38,0,0,19,0,14,0,0,7,0,0,0,0,0,0,0,0,0,0,0,0,0,0,0,0,0,0,0,0,0,0,0,0,0,0,0,0,0,0,0,0,0,0,0,0,0,0,0,0,0,0,0,0,0,0,0,0,0,0
2021-05-25,0,41,0,0,2,0,0,0,0,23,0,0,0,0,0,0,0,0,0,0,0,0,7,0,0,0,0,0,7,0,0,66,0,0,13,0,15,0,0,0,0,0,0,0,7,0,0,7,7,0,0,0,7,0,0,0,0,0,0,0,0,0,0,0,0,0,0,0,0,0,0,0,7,0,0,0,0,0,0,0,0,0,0,0,0,0,0,0,0,0
2021-05-26,0,46,0,0,4,0,0,0,0,11,0,0,0,0,0,0,0,0,0,0,0,0,15,0,0,0,7,0,37,0,0,53,0,0,26,0,7,0,0,0,0,0,0,0,0,0,0,0,0,0,0,0,2,0,0,0,0,0,0,0,0,0,0,0,0,0,0,0,0,0,0,0,2,0,0,0,0,0,0,0,0,0,0,0,0,0,0,0,0,0
2021-05-27,2,70,0,0,2,11,0,0,0,32,44,0,0,0,0,22,0,0,66,0,7,0,0,7,0,7,7,0,14,0,6,38,0,0,13,7,21,0,0,0,7,0,0,0,7,7,0,0,0,0,2,0,2,0,0,7,0,0,0,0,7,0,0,0,7,7,0,0,0,0,2,0,2,0,0,7,0,0,0,0,7,0,0,0,7,7,0,0,0,0
2021-05-28,0,69,0,0,2,0,0,0,0,24,0,0,0,0,0,0,0,0,0,0,0,0,8,16,0,0,0,0,16,0,0,35,0,0,7,0,16,0,0,0,0,0,0,0,0,0,0,0,0,0,0,0,3,0,0,0,0,0,0,0,0,0,0,0,0,0,0,0,0,8,0,0,3,0,0,0,0,0,0,0,0,0,0,0,0,0,0,0,0,8
2021-05-29,0,85,0,0,4,0,0,0,0,27,0,0,0,56,0,0,0,0,28,0,0,0,18,18,0,0,0,0,71,0,0,31,0,0,16,0,18,0,0,0,0,0,0,0,26,0,0,0,0,0,0,0,3,0,0,0,0,0,0,0,0,0,0,0,18,0,0,0,0,0,0,0,3,0,0,0,0,0,0,0,0,0,0,0,18,0,0,0,0,0
2021-05-30,0,56,0,0,2,0,0,0,0,12,0,0,0,50,0,0,0,0,0,0,0,0,17,8,0,0,0,0,17,0,0,67,0,0,23,0,8,0,0,8,0,0,0,0,25,0,0,8,0,0,0,0,0,0,0,0,0,0,0,0,0,0,0,0,8,0,0,0,0,8,0,0,0,0,0,0,0,0,0,0,0,0,0,0,8,0,0,0,0,8
2021-05-31,0,41,0,0,2,0,0,0,0,11,0,0,0,44,0,0,0,0,44,0,0,0,43,0,0,0,7,0,14,0,0,19,0,0,13,0,7,0,0,0,0,0,0,0,7,0,0,0,0,0,0,0,2,0,0,0,0,0,7,0,0,0,0,0,0,0,0,0,0,0,0,0,2,0,0,0,0,0,7,0,0,0,0,0,0,0,0,0,0,0
2021-06-01,0,43,0,0,2,0,0,0,0,16,0,0,0,0,0,0,0,0,61,0,0,0,14,0,0,0,0,0,15,0,0,52,0,0,6,0,7,0,0,0,0,0,0,0,0,0,0,0,0,0,0,2,5,0,0,0,0,0,0,0,0,0,0,0,0,0,0,0,0,0,0,2,5,0,0,0,0,0,0,0,0,0,0,0,0,0,0,0,0,0
2021-06-02,0,47,0,0,4,0,0,0,0,16,0,0,0,167,0,0,0,0,19,0,0,0,15,7,0,0,0,0,15,0,0,26,0,0,7,0,7,0,0,7,0,0,0,0,0,0,0,0,0,0,0,0,5,0,0,0,0,0,0,0,0,0,0,0,7,0,0,0,0,0,0,0,5,0,0,0,0,0,0,0,0,0,0,0,7,0,0,0,0,0
2021-06-03,0,77,0,0,2,0,0,0,0,16,0,0,0,0,0,0,0,0,0,0,0,0,22,7,0,0,14,0,29,0,0,45,0,0,13,0,7,0,0,0,0,0,0,0,7,0,0,0,0,0,0,0,0,0,0,0,0,0,0,0,0,0,0,0,0,0,0,0,0,0,0,0,0,0,0,0,0,0,0,0,0,0,0,0,0,0,0,0,0,0
2021-06-04,0,85,0,0,2,0,0,0,0,53,0,0,0,0,0,0,0,0,22,0,0,0,8,0,0,0,0,0,15,0,0,14,0,0,14,0,23,0,0,0,0,0,0,0,15,0,0,0,0,0,0,3,5,0,0,0,0,0,0,0,0,0,0,0,0,0,0,0,0,0,0,3,5,0,0,0,0,0,0,0,0,0,0,0,0,0,0,0,0,0
2021-06-05,2,70,0,0,4,21,0,0,0,40,100,0,0,0,0,25,0,0,47,0,9,0,0,0,0,9,9,0,9,0,8,77,0,0,8,9,17,0,0,0,9,0,0,0,26,9,0,0,0,0,3,0,8,0,0,9,0,0,0,0,9,0,0,0,0,9,0,0,0,0,3,0,8,0,0,9,0,0,0,0,9,0,0,0,0,9,0,0,0,0
2021-06-06,2,72,0,0,6,19,0,0,0,0,89,0,0,0,0,22,0,0,0,0,8,0,25,0,0,8,0,0,25,0,7,7,0,0,0,8,0,0,0,0,8,0,0,0,8,8,0,0,0,0,3,3,5,0,0,8,0,0,0,0,8,0,0,0,8,8,0,0,0,8,3,3,5,0,0,8,0,0,0,0,8,0,0,0,8,8,0,0,0,8
2021-06-07,0,40,0,0,6,0,0,0,0,33,0,0,0,0,0,0,0,0,39,0,0,0,7,14,0,0,0,0,21,0,0,32,0,6,6,0,14,0,0,0,0,0,0,0,7,0,0,0,0,0,0,0,2,0,0,0,0,7,0,0,0,0,0,0,0,0,0,0,0,0,0,0,2,0,0,0,0,7,0,0,0,0,0,0,0,0,0,0,0,0
2021-06-08,0,66,0,0,6,0,0,0,0,51,0,0,0,0,0,0,0,0,19,0,0,0,0,0,0,0,0,0,43,0,0,19,0,0,0,0,22,0,0,0,0,0,0,0,7,0,0,0,0,0,0,0,5,0,0,0,0,0,0,0,0,0,0,0,0,0,0,0,0,7,0,0,5,0,0,0,0,0,0,0,0,0,0,0,0,0,0,0,0,7
2021-06-09,0,68,0,0,2,0,0,0,0,16,0,0,78,0,0,0,0,0,19,0,0,0,7,7,0,0,0,0,30,0,0,33,0,0,13,0,7,0,0,0,0,0,0,0,0,0,0,0,0,0,0,0,0,0,0,0,0,0,0,0,0,0,7,0,7,0,0,0,0,0,0,0,0,0,0,0,0,0,0,0,0,0,7,0,7,0,0,0,0,0
2021-06-10,2,89,0,0,2,16,0,0,0,35,78,0,0,0,0,19,0,0,19,0,7,0,15,7,0,7,0,0,44,0,7,32,0,0,0,7,15,0,7,0,7,0,0,0,7,7,0,7,0,0,2,0,9,0,0,7,0,0,0,0,7,0,0,0,0,7,0,0,0,0,2,0,9,0,0,7,0,0,0,0,7,0,0,0,0,7,0,0,0,0
2021-06-11,0,70,0,0,2,0,0,0,0,35,0,0,0,0,0,0,0,0,61,0,0,0,7,0,0,0,0,0,22,0,0,40,0,0,7,0,15,0,0,0,0,0,0,0,7,0,0,0,7,0,0,0,0,0,0,0,0,0,0,0,0,0,0,0,0,0,0,0,0,7,0,0,0,0,0,0,0,0,0,0,0,0,0,0,0,0,0,0,0,7
2021-06-12,2,70,0,0,2,21,0,0,0,100,100,0,0,0,0,25,0,0,0,0,9,0,0,0,0,9,0,0,34,0,8,30,0,0,0,9,43,0,0,0,9,0,0,0,0,9,0,0,0,0,3,0,3,0,0,9,0,0,0,0,9,0,0,0,0,9,0,0,0,0,3,0,3,0,0,9,0,0,0,0,9,0,0,0,0,9,0,0,0,0
2021-06-13,0,38,0,0,6,0,0,0,0,70,0,0,0,0,0,0,0,0,64,0,0,0,8,0,0,0,0,0,30,0,0,34,0,0,7,0,30,0,0,0,0,0,0,0,30,0,0,0,0,0,0,0,0,0,0,0,0,0,0,0,0,0,0,0,8,0,0,0,0,0,0,0,0,0,0,0,0,0,0,0,0,0,0,0,8,0,0,0,0,0
2021-06-14,0,38,0,0,4,0,0,0,0,79,0,0,0,78,0,0,0,0,0,0,0,0,0,7,0,0,0,0,7,0,0,12,0,0,12,0,34,0,0,0,0,0,0,0,13,0,0,0,0,0,0,2,2,0,0,0,0,7,0,0,0,0,0,0,0,0,0,0,0,0,0,2,2,0,0,0,0,7,0,0,0,0,0,0,0,0,0,0,0,0
2021-06-15,0,30,0,0,4,0,0,0,0,49,0,0,0,0,0,0,0,0,39,0,0,0,0,14,0,0,7,0,21,0,0,43,0,0,19,0,21,0,0,0,0,7,0,0,7,0,0,0,0,0,0,2,9,0,0,0,0,0,0,0,0,0,0,0,0,0,0,0,0,0,0,2,9,0,0,0,0,0,0,0,0,0,0,0,0,0,0,0,0,0
2021-06-16,0,51,0,0,2,0,0,0,0,0,0,0,0,78,0,0,0,0,19,0,0,0,15,0,0,0,0,0,30,0,0,27,0,0,20,0,0,0,7,0,0,0,0,0,7,0,0,0,0,0,0,5,0,0,0,0,0,0,0,0,0,0,0,0,7,0,0,0,0,7,0,5,0,0,0,0,0,0,0,0,0,0,0,0,7,0,0,0,0,7
2021-06-17,0,47,0,0,2,0,0,0,0,81,0,78,0,0,0,0,0,0,39,0,0,0,7,7,0,0,7,0,42,0,0,25,0,0,19,0,35,0,0,0,0,0,0,0,7,0,0,0,0,0,0,0,5,0,0,0,0,0,0,0,0,0,0,0,7,0,0,0,0,0,0,0,5,0,0,0,0,0,0,0,0,0,0,0,7,0,0,0,0,0
2021-06-18,0,68,0,0,2,0,0,0,0,19,0,89,0,0,0,0,0,0,22,0,0,0,0,0,0,0,0,0,40,0,0,0,0,0,7,0,8,0,0,0,0,0,0,0,0,0,0,0,0,0,0,3,3,0,0,0,0,0,0,0,0,0,0,0,0,0,0,0,0,0,0,3,3,0,0,0,0,0,0,0,0,0,0,0,0,0,0,0,0,0
2021-06-19,0,72,0,0,11,0,0,0,0,44,0,0,0,0,0,0,0,0,0,0,0,0,0,0,0,0,9,0,9,0,0,41,0,0,17,0,19,0,0,9,0,0,0,0,0,0,0,0,0,0,0,3,0,0,0,0,0,0,0,0,0,0,0,0,9,0,0,0,0,0,0,3,0,0,0,0,0,0,0,0,0,0,0,0,9,0,0,0,0,0
2021-06-20,2,64,0,0,4,21,0,0,0,21,100,0,0,0,0,25,0,0,100,0,9,0,18,9,0,9,0,0,9,0,8,32,0,0,16,9,9,0,0,0,9,0,0,0,9,9,0,0,0,0,3,0,3,0,0,9,9,0,0,0,9,0,0,0,9,9,0,0,0,0,3,0,3,0,0,9,9,0,0,0,9,0,0,0,9,9,0,0,0,0
2021-06-21,2,55,0,0,2,19,0,0,0,72,89,0,0,0,0,22,0,0,64,0,8,0,0,0,0,8,0,0,8,0,7,48,0,0,0,8,31,0,0,0,8,0,0,0,0,8,0,0,0,0,2,2,7,0,0,8,0,0,0,0,8,0,0,0,15,8,0,0,0,8,2,2,7,0,0,8,0,0,0,0,8,0,0,0,15,8,0,0,0,8
2021-06-22,0,53,0,0,2,0,0,0,16,16,0,0,0,0,0,0,0,0,19,0,0,0,100,0,0,0,0,0,22,0,0,33,0,0,7,0,7,0,0,0,0,7,0,0,22,0,0,0,0,0,0,0,7,0,0,0,0,0,0,0,0,0,0,0,0,0,0,0,0,0,0,0,7,0,0,0,0,0,0,0,0,0,0,0,0,0,0,0,0,0
2021-06-23,0,70,0,0,4,0,0,0,0,35,0,0,0,0,0,0,0,0,42,0,0,0,8,8,0,0,0,0,15,0,0,28,0,0,7,0,15,0,0,0,0,0,0,0,15,0,0,0,0,0,0,3,3,0,0,0,0,0,0,0,0,0,0,0,0,0,0,0,0,0,0,3,3,0,0,0,0,0,0,0,0,0,0,0,0,0,0,0,0,0
2021-06-24,0,77,0,0,4,0,0,0,0,0,0,89,0,0,0,0,0,0,0,0,0,0,8,0,0,0,0,0,39,0,0,42,0,0,28,0,0,0,0,0,0,0,0,0,32,0,0,0,0,0,0,0,3,0,0,0,0,0,0,0,0,0,0,0,8,0,0,0,0,0,0,0,3,0,0,0,0,0,0,0,0,0,0,0,8,0,0,0,0,0
2021-06-25,0,100,0,0,6,0,0,0,0,37,0,0,0,0,0,0,0,0,0,0,0,0,0,0,0,0,8,0,32,0,0,43,0,0,0,0,16,0,0,0,0,0,0,0,8,0,0,0,0,0,0,0,0,0,0,0,0,0,0,0,0,0,0,0,0,0,0,0,0,8,0,0,0,0,0,0,0,0,0,0,0,0,0,0,0,0,0,0,0,8
2021-06-26,0,55,0,0,2,0,0,0,0,63,0,0,0,100,0,0,0,0,25,0,0,0,9,0,0,0,0,0,35,0,0,24,0,0,24,0,27,0,0,9,0,0,0,0,18,0,0,0,0,0,0,0,6,0,0,0,0,0,0,0,0,0,0,0,0,0,0,0,0,0,0,0,6,0,0,0,0,0,0,0,0,0,0,0,0,0,0,0,0,0
2021-06-27,0,72,0,0,0,0,0,0,0,21,0,0,0,0,0,0,0,0,0,0,0,0,9,0,0,0,0,0,9,0,0,23,0,0,0,0,9,0,0,0,0,0,0,0,9,0,0,0,0,0,0,0,3,0,0,0,0,0,0,0,0,0,0,0,17,0,0,0,0,9,0,0,3,0,0,0,0,0,0,0,0,0,0,0,17,0,0,0,0,9
2021-06-28,0,49,0,0,2,0,0,0,0,19,0,0,0,0,0,0,0,0,22,0,0,0,0,0,0,0,0,0,31,0,0,21,0,0,7,0,8,0,0,0,0,0,0,0,15,0,0,0,0,0,0,0,3,0,0,0,0,0,0,0,0,0,0,0,0,0,0,0,0,0,0,0,3,0,0,0,0,0,0,0,0,0,0,0,0,0,0,0,0,0
2021-06-29,0,51,0,0,6,0,0,0,0,51,0,0,0,0,0,0,0,0,61,0,0,0,7,0,0,0,0,0,22,0,0,39,0,0,7,0,22,0,0,7,0,0,0,0,7,0,0,0,0,0,0,0,0,0,0,0,0,0,0,0,0,0,0,0,0,0,0,0,0,15,0,0,0,0,0,0,0,0,0,0,0,0,0,0,0,0,0,0,0,15
2021-06-30,0,70,0,0,2,0,0,0,0,19,0,0,0,0,0,0,0,0,22,0,0,0,16,8,0,0,0,0,23,0,0,35,0,0,14,0,8,0,0,0,0,0,0,0,8,0,0,0,0,0,0,0,3,0,0,0,0,0,0,0,0,0,0,0,0,0,0,0,0,8,0,0,3,0,0,0,0,0,0,0,0,0,0,0,0,0,0,0,0,8
2021-07-01,0,47,0,0,1,0,0,0,0,29,0,0,0,0,0,0,0,0,91,0,0,0,12,0,0,0,0,0,67,0,0,35,0,0,7,0,14,0,0,0,0,0,0,0,7,0,0,0,0,0,0,4,0,0,0,0,0,0,0,0,0,0,0,0,0,0,0,0,0,21,0,4,0,0,0,0,0,0,0,0,0,0,0,0,0,0,0,0,0,21
2021-07-02,0,75,0,0,3,0,0,0,0,92,0,0,0,87,0,0,0,0,32,0,0,0,0,13,0,0,20,0,30,0,0,29,0,0,14,0,44,0,0,0,0,0,0,0,7,0,0,0,0,0,0,0,4,0,0,0,22,0,0,0,0,0,0,0,0,0,0,0,0,0,0,0,4,0,0,0,22,0,0,0,0,0,0,0,0,0,0,0,0,0
2021-07-03,0,58,0,0,1,0,0,0,0,71,0,100,0,100,0,0,0,0,106,0,0,0,100,15,0,0,23,0,23,0,0,0,0,0,8,0,34,0,0,0,0,0,0,0,25,0,0,0,0,0,0,0,8,0,0,0,0,0,0,0,0,0,0,0,50,0,0,0,0,25,0,0,8,0,0,0,0,0,0,0,0,0,0,0,50,0,0,0,0,25
2021-07-04,0,74,0,0,0,0,0,0,0,69,0,0,0,0,0,0,0,0,35,0,0,0,29,0,0,0,0,0,100,0,0,41,0,0,0,0,33,0,0,0,0,0,0,8,16,0,0,0,0,0,0,0,4,0,0,0,0,0,0,0,0,0,0,0,0,0,0,0,0,0,0,0,4,0,0,0,0,0,0,0,0,0,0,0,0,0,0,0,0,0
2021-07-05,0,40,0,0,0,0,0,0,0,31,0,0,87,0,0,0,0,0,0,0,0,0,25,0,0,0,0,0,19,0,0,29,0,0,14,0,15,0,0,0,0,0,0,0,14,0,0,0,0,0,0,0,7,0,0,0,0,0,0,0,0,0,21,0,0,0,0,0,0,0,0,0,7,0,0,0,0,0,0,0,0,0,21,0,0,0,0,0,0,0
2021-07-06,0,29,0,0,4,0,0,0,0,58,0,0,0,0,0,0,0,0,29,0,0,0,12,0,0,0,0,0,38,0,0,76,0,0,21,0,28,0,0,0,0,0,0,0,7,0,0,0,0,0,0,0,0,0,0,0,0,0,0,0,0,0,0,0,0,0,0,0,0,21,0,0,0,0,0,0,0,0,0,0,0,0,0,0,0,0,0,0,0,21
2021-07-07,0,43,0,0,2,0,0,0,0,83,0,0,0,0,0,0,0,0,0,0,0,0,0,0,0,0,9,0,18,0,0,13,0,0,0,0,40,0,0,0,0,0,0,0,13,0,0,0,0,0,0,3,0,0,0,0,0,0,0,0,0,0,0,0,0,0,0,0,0,0,0,3,0,0,0,0,0,0,0,0,0,0,0,0,0,0,0,0,0,0
2021-07-08,0,57,0,0,2,0,0,0,0,29,0,0,0,80,0,0,0,0,30,0,0,0,24,12,0,0,0,0,9,0,0,28,0,0,7,0,14,0,0,0,0,0,0,0,21,0,0,0,0,0,0,0,4,0,0,0,0,0,0,0,0,0,0,0,0,0,0,0,0,0,0,0,4,0,0,0,0,0,0,0,0,0,0,0,0,0,0,0,0,0
2021-07-09,0,66,0,0,6,0,0,0,0,31,0,0,0,0,0,0,0,0,30,0,0,0,13,13,0,0,0,0,39,0,0,65,0,0,0,0,15,0,0,0,0,0,0,0,0,0,0,0,0,0,0,0,7,0,0,0,0,21,0,0,0,0,0,0,0,0,0,0,0,0,0,0,7,0,0,0,0,21,0,0,0,0,0,0,0,0,0,0,0,0
2021-07-10,1,63,0,0,3,33,0,0,0,69,93,0,0,0,0,35,0,0,0,0,14,0,14,0,0,11,0,0,55,0,8,49,0,0,0,16,33,0,0,0,8,0,0,0,8,24,0,0,0,0,4,0,0,0,0,24,0,0,0,0,24,0,0,0,0,24,0,0,0,24,4,0,0,0,0,24,0,0,0,0,24,0,0,0,0,24,0,0,0,24
2021-07-11,0,59,0,0,1,0,0,0,0,67,0,0,0,0,0,0,0,0,100,0,0,0,0,14,0,0,11,0,21,0,0,16,0,0,16,0,32,0,0,0,0,0,0,0,16,0,0,23,0,0,0,0,4,0,0,0,0,0,0,0,0,0,0,0,0,0,0,0,0,24,0,0,4,0,0,0,0,0,0,0,0,0,0,0,0,0,0,0,0,24
2021-07-12,0,39,0,0,7,0,0,0,0,29,0,0,0,0,0,0,0,0,58,0,0,0,24,12,0,0,0,0,46,0,0,68,0,0,0,0,14,0,0,0,0,0,0,0,7,0,0,20,0,0,0,3,0,0,0,0,0,20,0,0,0,0,0,0,20,0,0,0,0,0,0,3,0,0,0,0,0,20,0,0,0,0,0,0,20,0,0,0,0,0
2021-07-13,0,59,0,0,3,0,0,0,29,56,0,0,0,0,0,0,0,0,29,0,0,0,12,0,0,0,0,0,18,0,0,33,0,0,13,0,27,0,13,0,0,0,0,0,13,0,0,0,0,0,0,0,0,0,0,0,0,20,0,0,0,0,0,0,0,0,0,0,0,0,0,0,0,0,0,0,0,20,0,0,0,0,0,0,0,0,0,0,0,0
2021-07-14,0,61,0,0,3,0,0,0,0,54,0,0,0,0,0,0,0,27,27,0,0,0,11,0,0,0,0,0,0,0,0,44,0,0,0,0,26,0,0,0,0,6,0,0,19,0,0,0,0,0,0,3,3,0,0,0,0,0,0,0,0,0,0,0,19,0,0,0,0,0,0,3,3,0,0,0,0,0,0,0,0,0,0,0,19,0,0,0,0,0
2021-07-15,0,79,0,0,5,0,0,0,0,27,0,0,80,0,0,0,0,0,55,0,0,0,11,34,0,0,9,0,35,0,0,26,0,0,6,0,13,0,0,0,0,0,0,0,13,0,0,0,0,0,0,0,6,0,0,0,0,0,0,0,0,0,19,0,19,0,0,0,0,0,0,0,6,0,0,0,0,0,0,0,0,0,19,0,19,0,0,0,0,0
2021-07-16,0,79,0,0,1,0,0,0,0,0,0,0,0,0,0,0,0,0,29,0,0,0,12,0,0,0,19,0,28,0,0,41,0,0,0,0,0,0,0,0,0,0,0,0,0,0,0,41,0,0,0,0,0,0,0,0,0,0,0,0,0,0,0,0,0,0,0,0,0,0,0,0,0,0,0,0,0,0,0,0,0,0,0,0,0,0,0,0,0,0
2021-07-17,0,48,0,0,1,0,0,0,0,100,0,0,0,0,0,0,0,0,0,0,0,0,14,0,0,0,0,0,43,0,0,40,0,0,0,0,48,0,0,0,0,0,0,0,8,0,0,0,0,0,0,0,12,0,0,0,24,0,0,0,0,0,0,0,0,0,0,0,0,0,0,0,12,0,0,0,24,0,0,0,0,0,0,0,0,0,0,0,0,0
2021-07-18,0,58,0,0,0,0,0,0,0,0,0,0,0,93,0,0,33,0,67,0,0,0,14,0,0,0,0,0,74,0,0,55,0,0,23,0,0,0,0,0,0,0,0,0,31,0,0,0,0,23,0,0,12,0,0,0,0,0,23,0,0,0,0,0,23,0,0,0,0,23,0,0,12,0,0,0,0,0,23,0,0,0,0,0,23,0,0,0,0,23
2021-07-19,0,36,0,0,0,0,0,0,0,56,0,0,0,0,0,0,0,0,85,0,0,0,12,0,0,0,0,0,27,0,0,20,0,0,33,0,27,0,0,0,0,0,0,0,7,0,0,39,0,0,0,0,0,0,0,0,0,0,0,0,0,0,0,0,20,0,0,0,0,20,0,0,0,0,0,0,0,0,0,0,0,0,0,0,20,0,0,0,0,20
2021-07-20,0,43,0,0,6,0,0,0,0,29,0,0,0,80,0,0,0,0,0,0,0,0,12,0,0,0,9,0,82,0,0,13,0,0,0,0,14,0,0,0,0,0,0,0,0,0,0,0,0,0,0,3,3,0,0,0,0,20,0,0,0,0,0,0,0,0,0,0,0,20,0,3,3,0,0,0,0,20,0,0,0,0,0,0,0,0,0,0,0,20
2021-07-21,0,58,0,0,5,0,0,0,0,58,0,0,0,0,0,0,0,0,0,0,0,0,37,0,0,0,0,0,47,0,0,35,0,0,7,0,28,0,0,0,0,0,0,0,0,0,0,0,0,0,0,0,7,0,0,0,0,0,0,0,0,0,0,0,0,0,0,0,0,0,0,0,7,0,0,0,0,0,0,0,0,0,0,0,0,0,0,0,0,0
2021-07-22,1,68,0,0,1,29,0,0,0,29,80,0,0,0,0,30,0,0,30,0,12,0,0,0,0,9,9,0,47,0,7,28,0,0,21,14,14,0,0,0,7,0,0,0,14,21,0,0,0,0,3,0,3,0,0,21,0,0,0,0,21,0,0,0,21,21,0,0,0,0,3,0,3,0,0,21,0,0,0,0,21,0,0,0,21,21,0,0,0,0
2021-07-23,0,99,0,0,2,0,0,0,0,90,0,0,0,0,0,0,0,0,0,0,0,0,0,12,0,0,0,0,86,0,0,14,0,0,0,0,43,0,0,0,0,0,0,0,21,0,0,0,0,0,0,0,0,0,0,0,0,0,0,0,0,0,0,0,21,0,0,0,0,0,0,0,0,0,0,0,0,0,0,0,0,0,0,0,21,0,0,0,0,0
2021-07-24,0,81,0,0,4,0,0,0,0,35,0,0,0,0,0,0,0,0,0,0,0,0,15,15,0,0,12,0,35,0,0,51,0,0,8,0,17,0,0,17,0,0,0,0,0,0,0,25,0,0,0,0,4,0,0,0,0,0,0,0,0,0,0,0,76,0,0,0,0,0,0,0,4,0,0,0,0,0,0,0,0,0,0,0,76,0,0,0,0,0
2021-07-25,0,100,0,0,3,0,0,0,0,0,0,0,0,93,0,0,0,0,70,0,0,0,28,0,0,0,11,0,55,0,0,57,0,0,8,0,0,0,0,0,0,0,0,0,16,0,0,0,0,0,0,0,12,0,0,0,0,0,0,0,0,0,0,0,24,0,0,0,0,0,0,0,12,0,0,0,0,0,0,0,0,0,0,0,24,0,0,0,0,0
2021-07-26,0,73,0,0,1,0,0,0,0,90,0,87,0,0,0,0,0,0,91,0,0,0,0,25,0,0,10,0,10,0,0,42,0,0,7,0,43,0,0,0,0,0,0,0,0,0,0,21,0,0,0,0,11,0,0,0,0,0,0,0,0,0,0,0,0,0,0,0,0,0,0,0,11,0,0,0,0,0,0,0,0,0,0,0,0,0,0,0,0,0
2021-07-27,0,43,0,0,5,0,0,0,0,60,0,0,0,0,0,0,0,0,30,0,0,0,0,25,0,0,0,0,38,0,0,42,0,0,7,0,29,0,0,0,0,0,0,0,21,0,0,0,0,0,0,4,11,0,0,0,21,0,0,0,0,0,0,0,0,0,0,0,0,21,0,4,11,0,0,0,21,0,0,0,0,0,0,0,0,0,0,0,0,21
2021-07-28,0,64,0,0,2,0,0,0,29,60,0,0,0,0,0,0,0,0,30,0,0,0,0,12,0,0,0,0,38,0,0,42,0,0,14,0,29,0,0,0,0,0,0,0,21,0,0,0,0,0,0,0,7,0,0,0,0,0,0,0,0,0,0,0,0,0,0,0,0,0,0,0,7,0,0,0,0,0,0,0,0,0,0,0,0,0,0,0,0,0
2021-07-29,0,78,0,0,4,0,0,0,0,60,0,87,0,0,0,0,0,0,121,0,0,0,0,25,0,0,0,0,10,0,0,14,0,0,7,0,29,0,0,0,0,0,0,0,21,0,0,0,0,0,0,0,7,0,0,0,0,42,21,0,0,0,0,0,0,0,0,0,0,0,0,0,7,0,0,0,0,42,21,0,0,0,0,0,0,0,0,0,0,0
2021-07-30,1,53,0,0,2,29,0,0,0,0,80,0,87,0,0,30,0,0,59,0,12,0,0,0,0,9,10,0,48,0,7,21,7,0,0,14,0,0,0,0,7,0,0,0,14,21,0,21,0,0,4,0,11,0,0,21,0,0,0,0,21,0,21,0,0,21,0,0,0,0,4,0,11,0,0,21,0,0,0,0,21,0,21,0,0,21,0,0,0,0
2021-07-31,0,59,0,0,3,0,0,0,0,33,0,0,0,0,0,0,0,0,35,0,0,0,14,0,0,0,0,0,33,0,0,40,0,0,8,0,16,0,0,0,0,0,0,0,16,0,0,0,0,0,0,0,4,0,0,0,0,0,0,0,0,0,0,0,0,0,0,0,0,0,0,0,4,0,0,0,0,0,0,0,0,0,0,0,0,0,0,0,0,0
2021-08-01,0,53,0,0,3,0,0,0,0,0,0,0,0,0,0,0,0,0,0,0,0,0,26,0,0,0,10,0,31,0,0,8,0,0,7,0,0,0,0,0,0,0,0,0,8,0,0,0,0,0,0,0,0,0,0,0,0,0,0,0,0,0,0,0,0,0,0,0,0,0,0,0,0,0,0,0,0,0,0,0,0,0,0,0,0,0,0,0,0,0
2021-08-02,0,61,0,0,4,0,0,0,0,0,0,0,0,0,0,0,22,0,22,0,0,0,12,0,0,0,0,0,47,0,0,34,0,0,21,0,0,0,0,0,0,0,0,0,28,0,0,0,0,20,0,3,10,0,0,0,0,0,0,0,0,0,0,0,0,0,0,0,0,0,0,3,10,0,0,0,0,0,0,0,0,0,0,0,0,0,0,0,0,0
2021-08-03,0,40,0,0,6,0,0,0,0,0,0,0,0,0,0,0,44,0,23,0,0,0,12,0,0,0,0,0,10,0,0,35,0,0,14,0,0,0,0,0,0,0,0,0,14,0,0,0,0,42,0,0,11,0,0,0,0,0,0,0,0,0,0,0,0,0,0,0,0,42,0,0,11,0,0,0,0,0,0,0,0,0,0,0,0,0,0,0,0,42
2021-08-04,0,53,0,0,7,0,0,0,0,26,0,0,0,0,0,0,0,0,72,0,0,0,13,39,0,0,0,0,30,0,0,22,0,0,0,0,15,0,0,0,0,0,0,0,0,0,0,0,0,0,0,0,7,0,0,0,0,0,0,0,0,0,0,0,0,0,0,0,0,0,0,0,7,0,0,0,0,0,0,0,0,0,0,0,0,0,0,0,0,0
2021-08-05,0,67,0,0,1,0,0,0,0,50,0,0,0,0,0,0,0,0,45,0,0,0,13,0,0,0,10,0,49,0,0,50,0,7,7,0,29,0,0,0,0,0,0,0,14,0,0,0,0,0,0,0,11,0,0,0,0,0,0,0,0,0,0,0,22,0,0,0,0,0,0,0,11,0,0,0,0,0,0,0,0,0,0,0,22,0,0,0,0,0
2021-08-06,0,59,0,0,4,0,0,0,0,52,0,0,0,43,0,0,0,0,0,0,0,0,26,0,0,0,0,0,40,0,0,29,0,0,0,0,30,0,0,0,0,0,0,0,22,0,0,0,0,0,0,0,4,0,0,0,22,0,0,0,0,0,0,0,22,0,0,0,0,0,0,0,4,0,0,0,22,0,0,0,0,0,0,0,22,0,0,0,0,0
2021-08-07,1,59,0,0,1,29,0,0,0,29,50,0,0,0,0,27,0,0,0,0,15,0,45,0,0,11,0,0,58,0,8,34,0,9,17,17,17,0,0,0,9,0,0,0,17,25,0,0,0,0,4,0,9,0,0,25,0,0,0,0,25,0,0,0,0,25,0,0,0,0,4,0,9,0,0,25,0,0,0,0,25,0,0,0,0,25,0,0,0,0
2021-08-08,1,58,0,0,6,28,0,0,0,57,47,47,0,0,0,26,26,0,26,0,14,0,43,14,0,11,0,0,77,0,8,24,0,0,8,16,33,0,0,0,8,0,0,0,16,24,0,0,0,24,4,0,12,0,0,24,0,0,0,0,24,0,0,0,0,24,0,0,0,0,4,0,12,0,0,24,0,0,0,0,24,0,0,0,0,24,0,0,0,0
2021-08-09,1,42,0,0,2,24,0,0,0,100,43,0,0,0,0,23,0,0,23,0,12,0,12,0,0,10,0,0,29,0,7,28,0,0,7,14,58,0,0,0,7,0,0,0,7,21,0,0,0,0,4,0,7,0,0,21,21,0,0,0,21,0,0,0,0,21,0,0,0,0,4,0,7,0,0,21,21,0,0,0,21,0,0,0,0,21,0,0,0,0
2021-08-10,0,42,0,0,1,0,0,0,0,0,0,0,0,0,0,0,0,0,45,0,0,0,0,12,0,0,0,0,19,0,0,21,0,0,0,0,0,0,0,0,0,0,0,0,14,0,0,0,0,0,0,0,14,0,0,0,0,0,0,0,0,0,0,0,42,0,0,0,0,0,0,0,14,0,0,0,0,0,0,0,0,0,0,0,42,0,0,0,0,0
2021-08-11,1,47,0,0,0,24,0,0,26,24,43,0,0,0,0,23,0,0,45,0,12,0,12,25,0,10,0,0,10,0,7,28,0,0,0,14,14,0,0,0,7,0,0,0,14,21,0,0,0,0,4,0,4,0,0,21,0,0,0,0,21,0,0,0,0,21,0,0,0,21,4,0,4,0,0,21,0,0,0,0,21,0,0,0,0,21,0,0,0,21
2021-08-12,0,65,0,0,0,0,0,0,24,98,0,43,43,0,0,0,0,0,0,0,0,0,0,12,0,0,10,0,19,0,0,21,0,0,0,0,57,0,0,0,0,7,0,0,7,0,0,0,0,0,0,0,11,0,0,0,0,0,0,0,0,0,21,0,0,0,0,0,0,0,0,0,11,0,0,0,0,0,0,0,0,0,21,0,0,0,0,0,0,0
2021-08-13,0,100,0,0,3,0,0,0,0,0,0,0,0,0,0,0,0,0,48,0,0,0,26,13,0,0,0,0,0,0,0,30,0,15,15,0,0,0,0,0,0,0,0,0,15,0,0,22,0,0,0,4,7,0,0,0,0,0,0,0,0,0,0,0,0,0,0,0,0,0,0,4,7,0,0,0,0,0,0,0,0,0,0,0,0,0,0,0,0,0
2021-08-14,0,73,0,0,3,0,0,0,0,0,0,0,0,100,0,0,0,0,26,0,0,0,58,0,0,0,0,0,23,0,0,17,0,0,8,0,0,0,0,0,0,0,0,0,8,0,0,0,0,0,0,4,0,0,0,0,0,0,0,0,0,0,0,0,25,0,0,0,0,0,0,4,0,0,0,0,0,0,0,0,0,0,0,0,25,0,0,0,0,0
2021-08-15,0,55,0,0,4,0,0,0,0,59,0,0,50,0,0,0,0,0,0,0,0,0,0,15,0,0,0,0,57,0,0,33,0,0,17,0,34,0,0,0,0,0,0,0,17,0,0,0,0,0,0,0,13,0,0,0,0,0,0,0,0,0,25,0,0,0,0,0,0,25,0,0,13,0,0,0,0,0,0,0,0,0,25,0,0,0,0,0,0,25
2021-08-16,0,54,0,0,1,0,0,0,0,55,0,0,47,0,0,0,0,0,75,0,0,0,14,14,0,0,0,0,11,0,0,62,0,0,0,0,32,0,0,0,0,0,0,0,23,0,0,0,0,0,0,4,4,0,0,0,0,0,0,0,0,0,23,0,0,0,0,0,0,0,0,4,4,0,0,0,0,0,0,0,0,0,23,0,0,0,0,0,0,0
2021-08-17,0,50,0,0,1,0,0,0,0,0,0,0,0,40,0,0,22,0,43,0,0,0,0,24,0,0,0,0,37,0,0,14,0,0,20,0,0,0,0,0,0,0,0,0,21,0,0,0,0,20,0,7,7,0,0,0,20,0,0,0,0,0,0,0,0,0,0,0,0,0,0,7,7,0,0,0,20,0,0,0,0,0,0,0,0,0,0,0,0,0
2021-08-18,0,49,0,0,3,0,0,0,0,0,0,0,0,43,0,0,0,0,0,0,0,0,100,0,0,0,0,0,10,0,0,36,0,0,14,0,0,0,0,0,0,7,0,0,22,0,0,0,0,0,0,0,7,0,0,0,0,0,0,0,0,0,0,0,0,0,0,0,0,21,0,0,7,0,0,0,0,0,0,0,0,0,0,0,0,0,0,0,0,21
2021-08-19,0,75,0,0,2,0,0,0,0,0,0,0,0,0,0,0,0,0,23,0,0,0,49,25,0,0,0,0,19,0,0,42,0,0,14,0,0,0,0,14,0,0,0,0,14,0,0,0,0,0,0,0,10,0,0,0,0,0,0,0,0,0,0,0,0,0,0,0,0,0,0,0,10,0,0,0,0,0,0,0,0,0,0,0,0,0,0,0,0,0
2021-08-20,0,67,0,0,1,0,0,0,0,0,0,40,0,0,0,0,0,0,23,0,0,0,24,24,0,0,9,0,47,0,0,55,0,0,34,0,0,0,0,0,0,0,0,0,21,0,0,0,0,0,0,14,7,0,0,0,0,0,0,0,0,0,0,0,21,0,0,0,0,0,0,14,7,0,0,0,0,0,0,0,0,0,0,0,21,0,0,0,0,0
2021-08-21,1,64,0,0,3,26,0,0,0,26,43,0,0,0,0,24,0,0,47,0,13,0,26,26,0,10,0,0,30,0,7,44,0,0,7,15,15,0,15,0,7,0,0,0,15,22,0,0,0,0,4,4,15,0,0,22,22,0,22,0,22,0,0,0,0,22,0,0,0,0,4,4,15,0,0,22,22,0,22,0,22,0,0,0,0,22,0,0,0,0
2021-08-22,0,54,0,0,3,0,0,0,0,79,0,0,0,47,0,0,24,0,49,0,0,0,0,13,0,0,0,0,31,0,0,68,0,0,30,0,46,0,0,0,0,0,0,0,8,0,0,0,0,23,0,8,4,0,0,0,0,0,0,0,0,0,0,0,0,0,0,0,0,0,0,8,4,0,0,0,0,0,0,0,0,0,0,0,0,0,0,0,0,0
2021-08-23,0,51,0,0,1,0,0,0,0,0,0,0,50,0,0,0,0,0,80,0,0,0,15,0,0,0,0,0,23,0,0,17,8,0,0,0,0,0,0,0,0,0,0,0,8,0,0,0,0,0,0,0,8,0,0,0,0,0,0,0,0,0,25,0,0,0,0,0,0,0,0,0,8,0,0,0,0,0,0,0,0,0,25,0,0,0,0,0,0,0
2021-08-24,0,78,0,0,3,0,0,0,0,60,0,0,0,103,0,0,0,0,0,0,0,0,0,30,0,0,0,0,0,0,0,69,0,0,34,0,35,0,0,35,0,0,0,0,52,0,0,0,0,0,0,0,17,0,0,0,0,0,0,0,0,0,0,0,0,0,0,0,0,0,0,0,17,0,0,0,0,0,0,0,0,0,0,0,0,0,0,0,0,0
2021-08-25,0,72,0,0,1,0,0,0,0,24,0,0,0,43,0,0,0,0,0,0,0,0,24,12,0,0,0,0,10,0,0,21,0,7,0,0,14,0,0,14,0,0,0,0,35,0,0,0,21,0,0,0,7,0,0,0,0,0,0,0,0,0,0,0,0,0,0,0,0,0,0,0,7,0,0,0,0,0,0,0,0,0,0,0,0,0,0,0,0,0
2021-08-26,0,64,0,0,0,0,0,0,0,24,0,0,0,40,0,0,0,0,22,0,0,0,24,24,0,0,0,0,9,0,0,14,0,0,48,0,14,0,0,14,0,0,0,0,21,0,0,0,0,0,0,3,10,0,0,0,0,0,0,0,0,0,0,0,0,0,0,0,0,0,0,3,10,0,0,0,0,0,0,0,0,0,0,0,0,0,0,0,0,0
2021-08-27,1,73,0,0,4,26,0,0,0,0,43,0,0,43,0,23,0,0,23,0,13,0,13,13,0,10,0,0,10,0,7,50,0,0,7,15,0,0,0,15,7,0,0,0,15,22,0,0,0,0,4,0,22,0,0,22,0,0,0,0,22,0,0,0,0,22,0,0,0,22,4,0,22,0,0,22,0,0,0,0,22,0,0,0,0,22,0,0,0,22
2021-08-28,0,71,0,0,6,0,0,0,0,57,0,0,0,0,0,0,0,0,52,0,0,0,29,0,0,0,0,0,44,0,0,41,0,0,8,0,33,0,0,17,0,0,0,0,49,0,0,0,0,0,0,0,8,0,0,0,0,0,0,0,0,0,0,0,0,0,0,0,0,0,0,0,8,0,0,0,0,0,0,0,0,0,0,0,0,0,0,0,0,0
2021-08-29,0,61,0,0,7,0,0,0,0,0,0,0,0,47,0,0,0,0,100,0,0,0,41,27,0,0,0,0,11,0,0,62,0,0,23,0,0,0,0,16,0,0,0,0,31,0,0,0,0,0,0,0,0,0,0,0,0,0,0,0,0,0,0,0,0,0,0,0,0,0,0,0,0,0,0,0,0,0,0,0,0,0,0,0,0,0,0,0,0,0
2021-08-30,1,50,0,0,1,24,0,0,0,0,40,40,0,40,0,22,0,0,0,0,12,0,0,24,0,9,0,0,0,0,7,14,0,7,21,14,0,0,0,0,7,0,0,0,42,21,0,0,0,0,3,7,17,0,0,21,0,0,0,0,21,0,0,0,0,21,0,0,0,0,3,7,17,0,0,21,0,0,0,0,21,0,0,0,0,21,0,0,0,0
2021-08-31,0,40,0,0,2,0,0,0,0,0,0,0,0,0,0,0,0,0,22,0,0,0,48,12,0,0,0,0,19,0,0,21,0,0,34,0,0,0,0,14,0,0,0,0,14,0,0,0,0,0,0,3,17,0,0,0,0,0,0,0,0,0,0,0,0,0,0,0,0,0,0,3,17,0,0,0,0,0,0,0,0,0,0,0,0,0,0,0,0,0
2021-09-01,0,52,0,0,1,0,0,0,0,0,0,24,0,0,0,0,24,0,24,0,0,0,37,0,0,0,0,0,28,0,0,42,7,0,48,0,0,0,0,0,0,0,0,0,42,0,0,0,0,21,0,0,4,0,0,0,0,0,0,0,0,0,0,0,0,0,0,0,0,0,0,0,4,0,0,0,0,0,0,0,0,0,0,0,0,0,0,0,0,0
2021-09-02,0,57,0,0,1,0,0,0,0,0,0,0,0,50,0,0,23,0,47,0,0,0,24,0,0,0,0,0,9,0,0,21,0,0,41,0,0,0,0,14,0,0,0,0,35,0,0,0,0,20,0,3,7,0,0,0,0,0,0,0,0,0,0,0,0,0,0,0,0,0,0,3,7,0,0,0,0,0,0,0,0,0,0,0,0,0,0,0,0,0
2021-09-03,1,74,0,0,1,14,0,0,0,0,24,0,0,24,0,23,0,0,23,0,12,0,12,36,0,9,0,0,37,0,7,28,0,0,14,14,0,0,0,0,7,0,0,0,28,21,0,0,0,0,3,3,21,0,0,21,0,0,0,0,21,0,0,0,0,21,0,0,0,0,3,3,21,0,0,21,0,0,0,0,21,0,0,0,0,21,0,0,0,0
2021-09-04,0,85,0,0,6,0,0,0,0,18,0,0,0,0,0,0,0,0,60,0,0,0,100,16,0,0,0,0,12,0,0,18,0,0,35,0,18,0,0,0,0,0,0,0,54,0,0,0,0,0,0,0,13,0,0,0,0,0,0,0,0,0,0,0,0,0,0,0,0,0,0,0,13,0,0,0,0,0,0,0,0,0,0,0,0,0,0,0,0,0
2021-09-05,6,82,0,0,2,53,0,0,0,0,94,0,0,0,0,88,0,0,59,0,46,0,15,31,0,35,0,0,24,0,26,35,0,9,9,53,0,0,0,18,26,0,0,0,53,78,0,0,0,0,13,0,13,0,0,78,0,0,52,0,78,0,0,0,0,78,0,0,0,0,13,0,13,0,0,78,0,0,52,0,78,0,0,0,0,78,0,0,0,0
2021-09-06,0,47,0,0,0,0,0,0,0,0,0,0,0,0,0,0,0,0,0,0,0,0,12,38,0,0,0,0,19,0,0,50,0,0,14,0,0,0,0,0,0,0,0,0,43,0,0,0,0,0,0,4,7,0,0,0,0,0,0,0,0,0,0,0,0,0,0,0,0,0,0,4,7,0,0,0,0,0,0,0,0,0,0,0,0,0,0,0,0,0
2021-09-07,1,60,0,0,2,14,0,0,0,29,26,0,0,26,0,24,0,0,24,0,12,0,12,37,0,10,0,0,19,0,7,63,0,0,7,14,29,0,0,0,7,0,0,0,21,21,0,0,0,0,4,11,14,0,0,21,0,0,0,0,21,0,0,0,0,21,0,0,0,0,4,11,14,0,0,21,0,0,0,0,21,0,0,0,0,21,0,0,0,0
2021-09-08,1,70,0,0,4,15,0,0,0,15,26,0,26,26,0,24,0,0,49,0,13,0,26,39,0,10,0,0,10,0,7,29,0,0,29,15,15,0,0,0,7,0,0,0,15,22,0,0,0,0,4,0,0,0,0,22,0,0,22,0,22,0,22,0,0,22,0,0,0,0,4,0,0,0,0,22,0,0,22,0,22,0,22,0,0,22,0,0,0,0
2021-09-09,0,66,0,0,3,0,0,0,0,15,0,0,0,0,0,0,0,0,0,0,0,0,25,25,0,0,0,0,20,0,0,29,0,0,14,0,15,0,0,15,0,7,0,0,7,0,0,0,0,0,0,7,7,0,0,0,0,0,0,0,0,0,0,0,0,0,0,0,0,0,0,7,7,0,0,0,0,0,0,0,0,0,0,0,0,0,0,0,0,0
2021-09-10,0,82,0,0,1,0,0,0,0,16,0,0,0,0,0,0,0,0,0,0,0,0,40,27,0,0,0,0,0,0,0,30,0,0,15,0,16,0,0,0,0,0,0,0,23,0,0,23,0,0,0,0,15,0,0,0,0,0,0,0,0,0,0,0,0,0,0,0,0,0,0,0,15,0,0,0,0,0,0,0,0,0,0,0,0,0,0,0,0,0
2021-09-11,1,84,0,0,1,17,0,0,0,69,30,0,30,0,0,29,0,29,29,0,15,0,15,30,0,11,0,0,69,0,8,50,8,8,8,17,69,0,0,34,9,0,0,0,42,25,0,0,0,0,4,0,0,0,0,25,0,0,0,0,25,0,25,0,0,25,0,0,0,0,4,0,0,0,0,25,0,0,0,0,25,0,25,0,0,25,0,0,0,0
2021-09-12,0,55,0,0,3,0,0,0,17,0,0,30,0,0,0,0,0,0,28,0,0,0,15,29,0,0,0,0,34,0,0,42,0,8,25,0,0,0,0,17,0,0,0,0,42,0,0,25,0,0,0,0,21,0,0,0,0,0,0,0,0,0,0,0,0,0,0,0,0,0,0,0,21,0,0,0,0,0,0,0,0,0,0,0,0,0,0,0,0,0
2021-09-13,0,45,0,0,6,0,0,0,0,0,0,26,0,0,0,0,0,0,24,0,0,0,38,13,0,0,0,0,0,0,0,14,0,0,21,0,0,0,0,0,0,0,0,0,22,0,0,0,0,0,0,4,11,0,0,0,0,0,0,0,0,0,0,0,0,0,0,0,0,0,0,4,11,0,0,0,0,0,0,0,0,0,0,0,0,0,0,0,0,0
2021-09-14,0,53,0,0,4,0,0,0,0,43,0,0,0,50,0,0,0,0,0,0,0,0,25,0,0,0,0,0,19,0,0,63,0,0,28,0,43,0,0,0,0,0,0,0,14,0,0,0,0,0,0,0,11,0,0,0,0,0,0,0,0,0,0,0,0,0,0,0,0,0,0,0,11,0,0,0,0,0,0,0,0,0,0,0,0,0,0,0,0,0
2021-09-15,1,56,0,0,1,15,0,0,0,0,26,26,26,26,0,25,0,0,0,0,13,0,26,39,0,10,10,0,20,0,7,37,0,0,22,15,0,0,0,15,7,7,0,0,30,22,0,0,0,0,4,7,15,0,0,22,0,0,0,0,22,0,22,0,0,22,0,0,0,22,4,7,15,0,0,22,0,0,0,0,22,0,22,0,0,22,0,0,0,22
2021-09-16,0,46,0,0,3,0,0,0,0,0,0,26,0,0,0,0,0,0,51,0,0,0,0,13,0,0,0,0,30,0,0,22,7,0,15,0,0,0,0,0,0,0,0,0,37,0,0,0,22,0,0,4,11,0,0,0,0,0,0,0,0,0,0,0,0,0,0,0,0,0,0,4,11,0,0,0,0,0,0,0,0,0,0,0,0,0,0,0,0,0
2021-09-17,0,82,0,0,0,0,0,0,0,0,0,0,0,0,0,0,27,0,54,0,0,0,14,0,0,0,0,0,0,0,0,32,0,0,16,0,0,0,0,0,0,0,0,0,24,0,0,0,0,24,0,4,16,0,0,0,0,0,0,0,0,0,0,0,0,0,0,0,0,0,0,4,16,0,0,0,0,0,0,0,0,0,0,0,0,0,0,0,0,0
2021-09-18,2,100,0,0,2,19,0,0,0,0,34,0,0,100,0,31,0,0,31,0,16,0,33,0,0,13,0,0,13,0,9,37,0,0,55,19,0,0,0,0,9,0,0,0,47,28,0,0,0,0,5,5,9,0,0,28,0,0,0,0,28,0,0,0,0,28,0,0,0,0,5,5,9,0,0,28,0,0,0,0,28,0,0,0,0,28,0,0,0,0
2021-09-19,0,78,0,0,3,0,0,0,0,0,0,0,0,0,0,0,0,0,0,0,0,0,51,17,0,0,0,0,26,0,0,29,10,0,29,0,0,0,0,0,0,0,0,0,10,0,0,29,58,0,0,0,5,0,0,0,0,0,0,0,0,0,0,0,0,0,0,0,0,0,0,0,5,0,0,0,0,0,0,0,0,0,0,0,0,0,0,0,0,0
2021-09-20,0,65,0,0,10,0,0,0,0,100,0,36,0,36,0,0,0,0,100,0,0,0,52,0,0,0,0,0,27,0,0,88,0,10,10,0,100,0,0,0,0,0,0,0,50,0,0,0,0,0,0,0,5,0,0,0,0,0,0,0,0,0,0,0,0,0,0,0,0,0,0,0,5,0,0,0,0,0,0,0,0,0,0,0,0,0,0,0,0,0
2021-09-21,0,74,0,0,2,0,0,0,0,0,0,0,0,0,0,0,0,0,98,0,0,0,51,34,0,0,0,0,13,0,0,48,10,0,67,0,0,0,0,20,0,0,0,0,39,0,0,0,0,0,0,10,10,0,0,0,0,0,0,0,0,0,0,0,0,0,0,0,0,0,0,10,10,0,0,0,0,0,0,0,0,0,0,0,0,0,0,0,0,0
2021-09-22,1,71,0,0,4,17,0,0,0,0,30,0,0,30,0,29,0,0,29,0,15,0,15,15,0,11,0,0,11,0,8,59,0,25,8,17,0,0,0,0,8,8,0,0,34,25,0,25,0,0,4,4,17,0,0,25,0,0,25,0,25,0,0,0,0,25,0,0,0,0,4,4,17,0,0,25,0,0,25,0,25,0,0,0,0,25,0,0,0,0
2021-09-23,0,89,0,0,1,0,0,0,0,16,0,28,28,28,0,0,0,0,78,0,0,0,27,54,0,0,0,0,10,0,0,23,0,0,38,0,16,0,0,0,0,0,0,0,23,0,0,0,0,0,0,0,8,0,0,0,0,0,0,0,0,0,23,0,0,0,0,0,0,23,0,0,8,0,0,0,0,0,0,0,0,0,23,0,0,0,0,0,0,23
2021-09-24,1,78,0,0,1,16,0,0,0,0,28,0,0,56,0,27,0,0,54,0,14,0,14,0,0,11,0,0,11,0,8,32,0,0,47,16,0,0,0,16,8,0,0,0,48,24,0,0,0,0,4,4,12,0,0,24,24,0,0,0,24,0,0,0,0,24,0,0,0,0,4,4,12,0,0,24,24,0,0,0,24,0,0,0,0,24,0,0,0,0
2021-09-25,0,76,0,0,3,0,0,0,0,18,0,32,0,64,0,0,0,0,0,0,0,0,16,31,0,0,12,0,12,0,0,27,0,0,53,0,18,0,0,0,0,0,0,0,36,0,0,26,0,0,0,4,4,0,0,0,0,0,0,0,0,0,0,0,0,0,0,0,0,0,0,4,4,0,0,0,0,0,0,0,0,0,0,0,0,0,0,0,0,0
2021-09-26,1,64,0,0,1,17,0,0,0,17,30,0,0,0,0,28,0,0,28,0,15,0,29,15,0,11,0,0,23,0,8,17,0,0,25,17,17,0,0,0,8,0,0,0,67,25,0,0,0,0,4,4,17,0,0,25,0,0,0,0,25,0,0,0,0,25,0,0,0,0,4,4,17,0,0,25,0,0,0,0,25,0,0,0,0,25,0,0,0,0
2021-09-27,0,49,0,0,4,0,0,0,0,0,0,0,0,54,0,0,0,0,51,0,0,0,26,13,0,0,10,0,30,0,0,59,0,7,44,0,0,0,0,0,0,0,0,0,30,0,0,0,0,0,0,0,15,0,0,0,0,0,0,0,0,0,0,0,0,0,0,0,0,0,0,0,15,0,0,0,0,0,0,0,0,0,0,0,0,0,0,0,0,0
2021-09-28,1,54,0,0,0,15,0,0,0,0,26,0,0,26,0,25,0,0,25,0,13,0,39,26,13,10,0,0,10,0,7,66,0,7,44,15,0,0,0,0,7,7,0,0,67,22,0,0,22,0,4,11,11,0,0,22,0,0,0,0,22,0,0,0,0,22,0,0,0,0,4,11,11,0,0,22,0,0,0,0,22,0,0,0,0,22,0,0,0,0
2021-09-29,0,63,0,0,3,0,0,0,0,0,0,26,0,52,0,0,0,0,49,0,0,0,13,25,0,0,0,0,20,0,0,29,0,7,86,0,0,0,0,15,0,0,0,0,36,0,0,0,0,0,0,4,15,0,0,0,0,0,0,0,0,0,0,0,0,0,0,0,0,22,0,4,15,0,0,0,0,0,0,0,0,0,0,0,0,0,0,0,0,22
2021-09-30,1,47,0,0,4,15,0,0,15,61,26,0,0,26,0,25,0,0,51,0,13,0,66,0,0,10,0,0,20,0,8,53,0,0,45,15,61,0,0,0,8,0,0,0,53,22,0,0,0,0,4,4,11,0,0,22,23,0,0,0,22,0,0,0,0,22,0,0,0,23,4,4,11,0,0,22,23,0,0,0,22,0,0,0,0,22,0,0,0,23
2021-10-01,0,65,0,0,8,0,0,0,0,0,0,0,14,14,0,0,0,0,44,0,0,0,0,42,0,0,0,0,11,0,0,47,0,0,39,0,0,0,0,0,0,0,0,0,55,0,0,0,0,0,0,0,16,0,0,0,0,0,0,0,0,0,24,0,0,0,0,0,0,0,0,0,16,0,0,0,0,0,0,0,0,0,24,0,0,0,0,0,0,0
2021-10-02,0,72,0,0,4,0,0,0,0,26,0,0,0,16,0,0,0,0,26,0,0,0,32,32,0,0,0,0,25,0,0,36,0,0,27,0,18,0,0,18,0,0,0,0,37,0,0,0,0,0,0,9,9,0,0,0,0,0,0,0,0,0,0,0,0,0,0,0,0,0,0,9,9,0,0,0,0,0,0,0,0,0,0,0,0,0,0,0,0,0
2021-10-03,0,61,0,0,7,0,0,0,26,26,0,0,0,15,0,0,0,0,24,0,0,0,45,0,0,0,0,0,24,0,0,60,0,0,43,0,18,0,18,0,0,0,0,0,44,0,0,0,26,0,0,4,17,0,0,0,26,0,0,0,0,0,0,0,0,0,0,0,0,0,0,4,17,0,0,0,26,0,0,0,0,0,0,0,0,0,0,0,0,0
2021-10-04,0,54,0,0,5,0,0,0,0,49,0,14,0,14,0,0,0,0,23,0,0,0,28,28,0,0,0,0,22,0,0,32,8,8,56,0,33,0,0,0,0,8,0,0,24,0,0,0,0,0,0,0,32,0,0,0,0,0,0,0,0,0,0,0,0,0,0,0,0,0,0,0,32,0,0,0,0,0,0,0,0,0,0,0,0,0,0,0,0,0
2021-10-05,0,33,0,0,1,0,0,0,22,0,0,0,0,13,0,0,0,0,0,0,0,0,26,13,0,0,10,0,10,0,0,51,7,0,29,0,0,0,0,0,0,0,0,0,59,0,0,0,0,0,0,4,11,0,0,0,0,0,0,0,0,0,0,0,0,0,0,0,0,0,0,4,11,0,0,0,0,0,0,0,0,0,0,0,0,0,0,0,0,0
2021-10-06,0,65,0,0,7,0,0,0,0,0,0,13,0,13,0,0,0,0,21,0,0,0,0,0,0,0,0,0,0,0,0,51,7,0,36,0,0,0,0,0,0,0,0,7,0,0,0,0,0,0,0,4,11,0,0,0,22,0,0,0,0,0,0,0,0,0,0,0,0,0,0,4,11,0,0,0,22,0,0,0,0,0,0,0,0,0,0,0,0,0
2021-10-07,4,76,0,0,0,44,0,0,0,22,26,13,13,0,0,41,0,21,41,0,26,0,26,0,0,20,0,0,0,0,15,59,0,7,73,30,15,0,0,0,15,0,0,0,30,44,0,0,0,0,7,0,37,0,0,44,0,0,22,0,44,0,22,0,0,44,0,0,0,0,7,0,37,0,0,44,0,0,22,0,44,0,22,0,0,44,0,0,0,0
2021-10-08,0,70,0,0,0,0,0,0,0,0,0,14,0,0,0,0,0,0,0,0,0,0,13,13,0,0,0,0,10,0,0,23,0,0,23,0,0,0,0,15,0,0,0,0,8,0,0,0,0,0,0,4,15,0,0,0,0,0,0,0,0,0,0,0,0,0,0,0,0,23,0,4,15,0,0,0,0,0,0,0,0,0,0,0,0,0,0,0,0,23
2021-10-09,2,78,0,0,2,26,0,0,26,0,16,0,0,0,0,25,25,0,100,0,16,0,16,16,0,12,0,0,24,0,9,35,0,9,44,18,0,0,0,0,9,9,0,0,54,26,0,0,0,26,4,0,18,0,0,26,0,0,0,0,26,0,0,0,0,26,0,0,0,0,4,0,18,0,0,26,0,0,0,0,26,0,0,0,0,26,0,0,0,0
2021-10-10,0,61,0,0,0,0,0,0,0,0,0,0,0,0,0,0,0,0,48,0,0,0,45,76,0,0,0,0,35,0,0,34,0,0,26,0,0,0,0,0,0,0,0,0,17,0,0,0,0,0,0,0,4,0,0,0,0,0,0,0,0,0,0,0,0,0,0,0,0,0,0,0,4,0,0,0,0,0,0,0,0,0,0,0,0,0,0,0,0,0
2021-10-11,1,66,0,0,7,25,0,0,0,0,15,0,0,29,0,23,23,0,23,0,14,0,29,14,0,11,0,0,11,0,8,41,0,0,65,17,0,0,0,17,8,0,0,0,25,24,0,0,0,24,4,4,25,0,0,24,0,0,0,0,24,0,0,0,0,24,0,0,0,0,4,4,25,0,0,24,0,0,0,0,24,0,0,0,0,24,0,0,0,0
2021-10-12,0,45,0,0,0,0,0,0,0,0,0,0,0,0,0,0,0,0,21,0,0,0,26,52,0,0,0,0,0,0,0,44,0,0,44,0,0,0,0,0,0,0,0,0,52,0,0,0,0,0,0,33,22,0,0,0,22,0,0,0,0,0,0,0,0,0,0,0,0,0,0,33,22,0,0,0,22,0,0,0,0,0,0,0,0,0,0,0,0,0
2021-10-13,4,52,0,0,5,46,0,0,0,46,27,28,0,28,0,43,0,0,0,0,27,0,54,68,0,21,0,0,42,0,15,38,8,0,23,31,31,0,16,0,16,0,0,0,31,46,0,0,0,0,8,4,39,0,0,46,0,0,23,0,46,0,0,0,0,46,0,0,0,0,8,4,39,0,0,46,0,0,23,0,46,0,0,0,0,46,0,0,0,0
2021-10-14,5,65,0,0,0,68,0,0,0,0,41,14,0,14,0,64,0,21,21,0,40,0,53,13,0,31,0,0,0,0,23,68,0,0,23,46,0,0,0,0,23,0,0,0,46,68,0,0,0,0,11,8,27,0,0,68,0,0,0,0,68,0,0,0,0,68,0,0,0,0,11,8,27,0,0,68,0,0,0,0,68,0,0,0,0,68,0,0,0,0
2021-10-15,6,72,1,0,5,90,0,0,0,22,53,13,0,27,0,84,0,0,0,0,52,0,26,26,0,41,10,0,20,0,30,60,0,0,60,61,15,0,0,15,30,0,0,8,76,89,0,0,0,0,15,4,26,0,0,89,0,0,0,0,89,0,0,0,0,89,0,0,0,22,15,4,26,0,0,89,0,0,0,0,89,0,0,0,0,89,0,0,0,22
2021-10-16,7,61,0,0,4,100,0,0,0,25,60,30,0,30,0,94,0,0,24,0,59,0,100,30,0,46,0,0,11,0,34,17,0,0,100,68,17,0,17,0,34,0,0,0,51,100,0,25,0,0,17,38,76,0,0,100,50,0,25,0,100,0,0,0,0,100,0,0,0,0,17,38,76,0,0,100,50,0,25,0,100,0,0,0,0,100,0,0,0,0
2021-10-17,5,64,0,0,5,74,0,0,25,0,44,59,15,30,0,70,0,0,0,0,43,0,43,29,0,34,0,0,22,0,25,74,0,8,41,50,0,0,0,0,25,0,0,0,100,74,0,0,0,0,12,50,100,0,0,74,25,0,0,0,74,0,25,0,0,74,0,0,0,0,12,50,100,0,0,74,25,0,0,0,74,0,25,0,0,74,0,0,0,0
2021-10-18,6,52,0,0,1,87,0,0,66,22,52,26,0,26,0,82,0,0,0,0,51,0,76,38,0,39,0,0,0,0,29,65,0,7,58,59,15,0,0,15,29,0,0,0,37,87,0,0,0,0,15,25,59,0,0,87,44,0,0,0,87,0,0,0,0,87,0,0,0,0,15,25,59,0,0,87,44,0,0,0,87,0,0,0,0,87,0,0,0,0
2021-10-19,6,51,1,0,4,87,0,0,22,0,52,52,0,26,0,82,0,0,20,0,51,0,38,26,0,39,0,0,0,0,29,80,0,0,79,59,0,0,0,0,29,0,0,0,51,87,0,22,0,0,15,29,77,0,0,87,22,0,0,0,87,0,0,0,0,87,0,0,0,0,15,29,77,0,0,87,22,0,0,0,87,0,0,0,0,87,0,0,0,0
2021-10-20,5,67,0,0,5,66,0,0,0,0,39,39,13,13,0,61,0,0,0,0,38,0,38,26,0,30,0,0,0,0,22,29,0,0,29,45,0,0,0,0,22,0,0,0,74,65,0,0,0,0,11,15,66,0,0,65,22,0,0,0,65,0,22,0,0,65,0,0,0,0,11,15,66,0,0,65,22,0,0,0,65,0,22,0,0,65,0,0,0,0
2021-10-21,5,89,0,0,10,68,0,0,22,0,40,27,0,27,0,64,0,0,64,0,40,0,26,27,0,31,0,0,31,0,23,15,0,0,38,46,0,0,0,0,23,0,0,0,38,68,0,0,0,0,11,30,57,0,0,68,45,0,0,0,68,0,0,0,0,68,0,0,0,0,11,30,57,0,0,68,45,0,0,0,68,0,0,0,0,68,0,0,0,0
2021-10-22,4,77,0,0,1,47,0,0,0,0,28,100,0,29,0,45,0,0,45,0,28,0,14,0,0,22,0,0,11,0,16,40,0,0,48,32,0,0,0,0,16,0,0,0,32,48,0,0,0,0,8,48,84,0,0,48,0,24,24,0,48,0,0,0,0,48,0,0,0,0,8,48,84,0,0,48,0,24,24,0,48,0,0,0,0,48,0,0,0,0
2021-10-23,2,82,2,0,12,28,0,0,28,54,16,0,0,0,0,26,0,0,0,0,16,0,32,16,0,12,0,0,0,0,9,91,0,0,27,19,37,0,0,19,9,0,0,0,28,27,0,0,0,0,5,5,60,0,0,27,0,0,27,0,27,0,0,0,0,27,0,0,0,0,5,5,60,0,0,27,0,0,27,0,27,0,0,0,0,27,0,0,0,0
2021-10-24,4,73,0,0,5,51,0,0,25,51,30,15,15,0,0,48,24,0,24,0,30,0,0,30,0,23,0,0,0,0,17,60,9,9,25,35,35,0,0,0,17,0,0,0,69,51,0,0,0,25,9,9,56,0,0,51,0,25,0,0,51,0,25,0,0,51,0,0,0,26,9,9,56,0,0,51,0,25,0,0,51,0,25,0,0,51,0,0,0,26
2021-10-25,4,61,0,0,4,46,0,0,0,22,27,27,13,0,0,42,21,0,21,0,26,0,0,13,0,20,0,0,0,0,15,30,0,0,37,31,15,0,0,0,15,0,0,0,15,45,0,0,0,22,8,11,45,0,0,45,0,0,0,0,45,0,22,0,0,45,0,0,0,0,8,11,45,0,0,45,0,0,0,0,45,0,22,0,0,45,0,0,0,0
2021-10-26,5,59,0,0,4,68,0,0,0,0,41,0,14,14,0,64,0,0,0,0,40,0,53,0,0,31,0,0,0,0,23,23,0,8,38,46,0,0,0,0,23,0,0,0,23,68,0,23,0,0,11,11,50,0,0,68,0,0,23,0,68,0,23,0,0,68,0,0,0,0,11,11,50,0,0,68,0,0,23,0,68,0,23,0,0,68,0,0,0,0
2021-10-27,1,69,0,0,6,22,0,0,44,44,13,27,0,13,0,21,0,0,0,0,13,0,52,39,0,10,0,0,30,0,7,44,0,0,22,15,30,0,0,0,7,0,0,0,37,22,0,0,0,0,4,7,49,0,0,22,22,0,0,0,22,0,0,0,0,22,0,0,0,0,4,7,49,0,0,22,22,0,0,0,22,0,0,0,0,22,0,0,0,0
2021-10-28,4,88,0,0,4,46,0,0,69,0,27,27,0,14,0,43,21,0,43,0,27,0,0,27,0,21,0,0,0,0,15,53,0,0,45,31,0,0,0,0,15,0,0,0,31,45,0,0,0,23,8,8,31,0,0,45,0,0,23,0,45,0,0,0,0,45,0,0,0,0,8,8,31,0,0,45,0,0,23,0,45,0,0,0,0,45,0,0,0,0
2021-10-29,0,100,0,0,5,0,0,0,0,24,0,14,0,0,0,0,0,0,67,0,0,0,28,28,0,0,0,0,11,0,0,24,0,0,55,0,16,0,0,0,0,0,0,0,16,0,0,0,0,0,0,8,40,0,0,0,0,0,24,0,0,0,0,0,0,0,0,0,0,0,0,8,40,0,0,0,0,0,24,0,0,0,0,0,0,0,0,0,0,0
2021-10-30,0,64,0,0,4,0,0,0,0,0,0,64,0,0,0,0,0,0,25,0,0,0,0,0,0,0,0,0,12,0,0,35,9,9,35,0,0,0,0,0,0,0,0,0,18,0,0,0,0,0,0,9,45,0,0,0,0,0,53,0,0,0,0,0,0,0,0,0,0,0,0,9,45,0,0,0,0,0,53,0,0,0,0,0,0,0,0,0,0,0
2021-10-31,2,99,0,0,4,26,0,0,0,78,15,0,16,31,0,24,0,0,24,0,15,0,30,0,0,12,0,0,0,0,9,17,0,0,9,18,53,0,0,0,9,0,0,0,35,26,0,0,0,0,4,13,39,0,0,26,26,0,0,0,26,0,26,0,0,26,0,0,0,0,4,13,39,0,0,26,26,0,0,0,26,0,26,0,0,26,0,0,0,0
