기간,2020-11-01 ~ 2021-10-31,,,,,,,,,,,,,,,,,,,,,,,,,,,,,,,,,,,,,,,,,,,,,,,,,,,,,,,,,
기기,전체,,,,,,,,,,,,,,,,,,,,,,,,,,,,,,,,,,,,,,,,,,,,,,,,,,,,,,,,,
성별,전체,,,,,,,,,,,,,,,,,,,,,,,,,,,,,,,,,,,,,,,,,,,,,,,,,,,,,,,,,
연령,전체,,,,,,,,,,,,,,,,,,,,,,,,,,,,,,,,,,,,,,,,,,,,,,,,,,,,,,,,,
지역,전체,,,,,,,,,,,,,,,,,,,,,,,,,,,,,,,,,,,,,,,,,,,,,,,,,,,,,,,,,
,,,,,,,,,,,,,,,,,,,,,,,,,,,,,,,,,,,,,,,,,,,,,,,,,,,,,,,,,,
주제,"통합검색, 검색어 변화량 추이",,,,,,,,,,,,,,,,,,,,,,,,,,,,,,,,,,,,,,,,,,,,,,,,,,,,,,,,,
일,롱패딩,원피스,여성롱패딩,남자롱패딩,잠옷,여자롱패딩,여성숏패딩,여성패딩,반팔티,숏패딩,트위드자켓,트렌치코트,여성경량패딩,핸드메이드코트,쥬시쥬디,블라우스,나이키바람막이,여성트레이닝세트,바람막이,후드집업,여자트렌치코트,롱원피스,써스데이아일랜드원피스,반바지,강블리gbl남여공용무지반팔7색,팬츠,가을원피스,나이키후드티,맨투맨,반팔티,아르마니익스체인지,루시앙,나이키맨투맨,하객원피스,리버클래시정장,dabagirl,후드티,나우포그니플리스,니트원피스,여성가디건,핸드메이드코트,후리스,패딩,여성경량패딩,남자경량패딩,노스페이스패딩,커플잠옷,수면잠옷,남자반팔티,여성린넨자켓,트위드자켓,메종키츠네반팔,여름원피스,라코스테원피스,여성점프수트,강블리gbl남여공용무지반팔7색,남자반바지,
2020-11-01,27,29,9,2,12,1,12,13,1,21,6,7,20,32,7,5,4,1,5,16,0,4,4,1,0,1,5,6,8,1,0,0,8,2,0,0,17,0,15,6,32,38,30,20,4,24,3,8,0,0,6,0,1,1,0,0,0,
2020-11-02,31,25,11,1,8,1,14,13,1,21,7,8,22,11,7,4,5,1,4,16,0,11,4,1,0,1,4,4,8,1,0,0,5,3,0,0,14,0,13,7,11,36,40,22,4,27,2,8,0,0,7,0,1,1,0,0,0,
2020-11-03,57,20,16,3,11,1,21,22,1,44,6,6,27,9,7,4,4,0,12,19,0,5,4,1,0,1,3,5,7,1,1,0,5,3,0,0,14,0,12,5,9,58,64,27,7,37,1,9,0,0,6,0,1,1,0,0,0,
2020-11-04,76,20,18,2,11,2,25,26,0,62,6,5,29,11,7,6,3,0,6,17,0,5,4,1,0,1,2,5,6,0,1,0,4,3,0,0,16,0,13,4,11,57,65,29,6,40,3,11,0,0,6,0,1,1,0,0,0,
2020-11-05,58,18,16,4,10,2,21,22,0,46,11,3,25,12,7,3,3,0,5,13,0,4,4,1,0,1,2,3,7,0,0,0,4,2,0,0,14,0,13,4,12,51,50,25,5,38,2,11,0,0,11,0,1,1,0,0,0,
2020-11-06,38,17,12,2,9,2,18,17,1,37,6,3,18,12,9,3,3,0,5,11,0,4,3,1,0,1,2,4,6,1,1,0,3,2,0,0,13,0,11,4,12,34,43,18,4,31,3,9,0,0,6,0,1,1,0,0,0,
2020-11-07,29,23,7,2,8,1,16,12,0,38,4,4,17,11,7,3,4,0,4,11,0,4,4,1,0,1,2,4,6,0,1,0,5,3,0,0,14,0,13,3,11,37,34,17,3,27,2,6,0,0,4,0,1,1,0,0,0,
2020-11-08,35,25,10,2,11,2,16,15,0,40,5,4,19,11,6,4,3,1,4,12,0,6,3,1,0,1,3,5,8,0,1,0,7,2,0,0,16,0,13,3,11,36,38,19,4,33,3,8,0,0,5,0,1,1,0,0,0,
2020-11-09,55,22,16,4,10,2,20,20,0,53,5,3,25,13,6,6,4,1,5,12,0,4,3,1,0,1,2,5,7,0,0,1,5,3,0,0,16,0,13,4,13,48,49,25,34,38,3,11,0,0,5,0,0,1,0,0,0,
2020-11-10,45,19,13,4,11,2,20,16,1,47,5,5,19,11,8,3,3,1,5,11,0,4,4,1,0,1,2,4,6,1,1,0,4,15,0,0,14,0,12,4,11,34,40,19,4,37,3,8,0,0,5,0,1,1,0,0,0,
2020-11-11,35,17,11,3,8,1,19,15,0,40,4,3,19,11,6,4,3,0,3,10,0,4,3,1,0,1,1,6,6,0,0,0,4,2,0,0,15,0,14,5,11,29,35,19,3,30,4,7,0,0,4,0,1,1,0,0,0,
2020-11-12,27,24,9,1,8,1,18,14,0,36,11,5,20,13,6,3,3,0,3,11,0,5,5,1,0,1,1,4,7,0,1,0,4,2,0,0,20,0,14,4,13,29,31,20,5,28,3,7,0,0,11,0,1,0,0,0,0,
2020-11-13,23,22,7,2,8,2,15,11,1,34,4,3,15,11,6,3,3,0,4,9,0,6,4,1,0,1,1,5,7,1,0,0,4,2,0,0,12,0,11,3,11,26,26,15,3,21,2,7,0,0,4,0,1,1,0,0,0,
2020-11-14,21,20,6,1,8,1,16,12,0,36,6,3,15,12,7,3,3,0,2,8,0,5,4,1,0,1,1,6,6,0,0,0,6,2,0,0,14,0,12,4,12,19,25,15,3,22,3,6,0,0,6,0,0,1,0,0,0,
2020-11-15,20,24,6,1,8,1,13,11,0,32,5,4,14,9,6,3,3,0,4,10,0,4,3,1,0,1,1,4,7,0,1,0,4,2,0,0,16,0,13,4,9,21,26,14,3,23,1,7,0,0,5,0,1,1,0,0,0,
2020-11-16,20,21,6,1,9,1,14,9,0,29,5,3,17,10,5,4,3,0,4,10,0,6,5,1,0,1,1,4,6,0,1,0,4,4,0,0,11,0,12,5,10,20,22,17,3,22,2,29,0,0,5,0,1,1,0,0,0,
2020-11-17,17,21,5,1,24,0,12,8,1,26,4,4,14,8,5,7,2,0,3,10,0,11,3,1,0,1,2,4,5,1,0,0,4,2,0,0,15,0,14,3,8,19,21,14,3,17,2,7,0,0,4,0,1,1,0,0,1,
2020-11-18,15,22,4,1,8,1,12,9,1,23,11,2,13,8,6,4,3,0,4,10,0,6,4,1,0,1,1,3,6,1,1,0,5,2,0,0,13,0,12,4,8,16,20,13,2,18,2,6,0,0,11,0,1,1,0,0,0,
2020-11-19,18,23,5,2,9,0,10,10,0,23,5,3,15,9,6,4,3,1,4,7,0,6,3,1,0,1,1,3,6,0,1,0,3,3,0,0,12,0,14,5,9,15,21,15,3,16,3,5,0,0,5,0,2,1,0,0,0,
2020-11-20,35,20,9,2,8,2,15,13,0,31,3,3,13,9,7,4,3,0,4,7,0,5,3,1,0,1,1,3,5,0,1,0,4,2,0,0,8,0,11,4,9,21,33,13,3,26,2,6,0,0,3,0,1,2,0,0,0,
2020-11-21,31,17,11,2,9,2,16,17,0,32,4,4,10,11,5,3,2,0,4,8,0,4,4,1,0,1,1,3,7,0,1,1,5,2,0,0,11,0,13,4,11,18,33,10,3,28,1,8,0,0,4,0,1,1,0,0,0,
2020-11-22,39,22,13,3,12,2,19,16,0,43,5,4,12,11,7,3,2,0,4,7,0,5,4,1,0,2,1,5,6,0,1,0,5,2,0,0,13,0,12,3,11,19,35,12,2,33,3,7,0,0,5,0,1,1,0,0,0,
2020-11-23,55,23,19,4,12,2,19,27,1,40,2,2,17,10,5,2,2,1,5,8,0,3,3,1,0,1,0,4,6,1,1,0,5,2,0,0,12,0,12,2,10,22,44,17,3,33,3,11,0,0,2,0,1,1,0,0,0,
2020-11-24,55,15,17,3,9,2,22,19,0,41,3,3,14,10,6,3,2,1,5,8,0,5,3,1,0,1,0,5,7,0,1,0,3,2,0,0,19,0,10,4,10,23,39,14,3,31,2,10,0,0,3,0,1,1,0,0,0,
2020-11-25,42,17,13,3,9,2,16,17,0,36,3,10,16,10,6,6,2,0,4,7,0,4,3,1,0,1,1,5,7,0,1,0,3,3,0,0,9,0,12,3,10,19,56,16,3,31,2,10,0,0,3,0,1,1,0,0,0,
2020-11-26,38,18,14,3,10,1,18,27,0,36,4,2,12,8,8,3,1,1,2,8,0,4,3,1,0,1,1,3,5,0,1,0,3,3,0,0,11,0,12,4,8,17,29,12,3,29,2,11,0,0,4,0,1,1,0,0,0,
2020-11-27,41,18,16,3,9,2,16,19,0,32,2,2,12,8,8,2,2,0,4,7,0,4,3,0,0,1,0,3,6,0,0,0,3,2,0,0,10,0,12,4,8,19,31,12,3,27,2,11,0,0,2,0,1,1,0,0,0,
2020-11-28,62,17,18,3,10,1,21,25,0,40,3,2,12,12,8,2,1,0,3,13,0,4,4,1,0,1,0,3,6,0,1,1,5,1,0,0,13,0,12,3,12,17,71,12,3,43,1,13,0,0,3,0,2,2,0,0,0,
2020-11-29,66,23,22,5,12,3,20,24,0,41,3,2,11,8,9,3,2,0,4,11,0,4,3,1,0,1,1,4,6,0,1,0,4,1,0,0,13,0,12,4,8,18,56,11,3,41,2,16,0,0,3,0,1,1,0,0,0,
2020-11-30,66,19,24,5,11,3,16,25,0,35,3,2,13,8,7,3,2,0,4,7,0,4,2,1,0,1,1,5,5,0,1,0,5,8,0,0,11,0,9,3,8,17,42,13,4,40,3,12,0,0,3,0,1,1,0,0,0,
2020-12-01,62,17,23,5,11,3,14,21,1,34,1,2,11,7,7,3,2,0,4,7,0,3,2,1,0,1,0,3,8,1,1,0,3,2,0,0,10,0,10,2,7,18,39,11,3,39,3,12,0,0,1,0,2,1,0,0,0,
2020-12-02,54,18,20,5,10,2,17,23,0,27,6,1,13,9,7,2,2,0,5,5,0,3,3,0,0,1,1,3,6,0,0,0,3,1,0,0,10,0,11,4,9,14,36,13,2,34,2,11,0,0,6,0,1,1,0,0,0,
2020-12-03,52,19,19,5,9,2,13,20,1,32,4,1,11,10,7,6,2,1,3,6,0,5,4,1,0,1,0,4,6,1,1,0,4,1,0,0,12,0,11,3,10,15,37,11,2,34,3,13,0,0,4,0,1,1,0,0,0,
2020-12-04,51,16,21,6,9,3,14,23,0,30,3,1,12,8,5,2,2,0,4,4,0,2,3,1,0,1,0,3,6,0,1,0,3,1,0,0,9,0,9,3,8,16,36,12,2,30,2,11,0,0,3,0,1,1,0,0,0,
2020-12-05,53,17,20,4,11,2,16,24,0,33,4,2,9,8,6,3,2,0,3,6,0,3,4,1,0,1,1,3,7,0,1,0,5,1,0,0,9,0,10,3,8,13,45,9,2,35,2,12,0,0,4,0,1,1,0,0,0,
2020-12-06,45,22,18,4,12,2,17,22,0,34,4,2,11,9,6,3,2,0,3,6,0,3,4,1,0,1,0,4,7,0,0,0,3,2,0,0,10,0,12,3,9,13,44,11,2,36,4,12,0,0,4,0,1,1,0,0,0,
2020-12-07,40,17,16,4,11,2,14,20,0,25,2,2,12,7,4,2,2,0,3,4,0,4,4,0,0,1,0,3,4,0,0,0,3,1,0,0,9,0,10,3,7,13,32,12,2,30,3,13,0,0,2,0,1,1,0,0,0,
2020-12-08,48,20,22,4,11,4,14,22,0,32,3,2,23,8,7,3,1,1,11,6,0,4,3,1,0,1,1,3,6,0,0,0,3,1,0,0,7,0,10,4,8,15,33,23,2,31,5,11,0,0,3,0,1,1,0,0,0,
2020-12-09,50,19,21,3,10,2,14,22,0,25,3,2,11,8,6,1,2,1,4,6,0,4,2,1,0,1,0,3,6,0,0,0,2,1,0,0,8,0,12,4,8,13,32,11,3,29,2,12,0,0,3,0,1,1,0,0,0,
2020-12-10,42,17,17,4,10,2,15,19,0,26,3,1,9,8,5,2,2,0,3,4,0,3,4,1,0,1,1,3,7,0,1,0,3,1,0,0,8,0,13,4,8,11,28,9,2,29,3,10,0,0,3,0,1,1,0,0,0,
2020-12-11,39,19,14,3,11,1,14,17,0,23,3,1,8,7,6,3,1,0,3,6,0,4,3,0,0,1,1,3,5,0,1,0,3,1,0,0,9,0,10,3,7,12,27,8,2,26,3,9,0,0,3,0,1,0,0,0,0,
2020-12-12,38,20,16,3,12,2,13,18,0,22,3,1,9,7,6,3,2,0,2,4,0,4,3,0,0,0,1,5,5,0,0,0,2,2,0,0,9,0,11,3,7,9,30,9,2,31,2,10,0,0,3,0,1,1,0,0,0,
2020-12-13,49,20,18,4,16,2,13,22,0,25,2,1,10,8,6,3,2,0,3,6,0,5,3,0,0,1,0,3,7,0,1,0,2,1,0,0,10,0,11,3,8,10,33,10,3,32,2,17,0,0,2,0,1,1,0,0,0,
2020-12-14,81,21,35,6,14,5,12,29,0,23,2,1,8,4,4,3,1,0,4,5,0,3,2,1,0,1,0,3,6,0,0,0,3,1,0,0,11,0,8,3,4,12,44,8,2,43,4,15,0,0,2,0,1,0,0,0,0,
2020-12-15,100,17,37,9,14,4,12,29,1,22,2,1,7,5,5,2,2,0,4,4,0,3,3,0,0,1,0,3,6,1,0,0,3,1,0,0,10,0,9,3,5,12,46,7,2,38,5,14,0,0,2,0,2,0,0,0,0,
2020-12-16,100,13,39,9,14,3,11,28,0,32,2,1,9,7,5,3,2,0,5,5,0,4,2,1,0,1,0,3,6,0,0,0,2,2,0,0,8,0,11,4,7,12,44,9,2,44,4,15,0,0,2,0,1,1,0,0,0,
2020-12-17,72,15,31,7,14,2,23,23,0,38,1,1,9,3,5,2,3,0,4,5,0,12,2,1,0,1,1,3,5,0,0,0,3,0,0,0,10,0,9,3,3,10,35,9,2,36,5,17,0,0,1,0,1,0,0,0,0,
2020-12-18,57,17,25,6,16,3,12,18,0,27,2,1,7,5,4,2,1,1,3,5,0,4,3,1,0,1,0,3,5,0,1,0,3,1,0,0,8,0,8,3,5,11,32,7,1,33,3,15,0,0,2,0,2,0,0,0,0,
2020-12-19,63,17,27,6,16,3,10,21,0,16,2,1,8,4,6,2,1,1,4,5,0,7,4,0,0,1,0,3,6,0,1,0,3,1,0,0,9,0,9,4,4,9,33,8,2,35,4,16,0,0,2,0,4,1,0,0,0,
2020-12-20,51,19,24,5,16,3,10,21,0,17,2,1,8,5,4,2,1,0,3,5,0,8,4,2,0,0,1,3,5,0,1,0,3,1,0,0,9,0,7,4,5,8,31,8,1,35,5,15,0,0,2,0,4,1,0,0,0,
2020-12-21,42,18,19,4,14,3,9,18,1,27,2,1,9,4,4,2,1,0,3,5,0,12,3,1,0,1,0,3,5,1,0,0,3,2,0,0,9,0,8,3,4,9,27,9,2,27,3,14,0,0,2,0,4,0,0,0,0,
2020-12-22,37,19,15,4,12,2,7,17,0,13,2,1,7,5,5,3,1,1,2,4,0,6,3,1,0,1,1,3,4,0,0,0,4,1,0,0,7,0,8,3,5,9,24,7,1,22,4,13,0,0,2,0,4,1,0,0,0,
2020-12-23,27,17,16,2,12,2,6,11,0,12,3,1,6,5,4,2,1,0,2,4,0,6,3,1,0,1,0,2,5,0,0,0,2,1,0,0,7,0,8,3,5,7,18,6,1,22,3,10,0,0,3,0,4,1,0,0,0,
2020-12-24,26,17,12,2,10,1,7,10,0,12,2,2,19,4,6,2,2,0,3,4,0,7,2,0,0,1,0,3,4,0,0,0,2,1,0,0,6,0,7,2,4,7,19,19,1,22,3,7,0,0,2,0,5,1,0,0,0,
2020-12-25,24,17,11,2,10,1,9,11,0,17,3,2,6,5,4,2,1,0,1,4,0,6,3,1,0,2,0,4,5,0,0,0,3,1,0,0,8,0,8,3,5,7,19,6,1,20,3,8,0,0,3,0,5,0,0,0,0,
2020-12-26,27,16,11,2,12,2,9,13,1,15,3,1,8,4,5,3,1,0,1,4,0,6,3,1,0,1,1,4,6,1,0,0,3,1,0,0,7,0,7,3,4,8,19,8,1,21,3,8,0,0,3,0,4,1,0,0,0,
2020-12-27,23,22,10,2,14,2,8,13,1,13,3,1,7,4,8,3,1,0,1,5,0,7,5,1,0,1,1,3,6,1,0,0,5,1,0,0,9,0,6,2,4,6,16,7,1,26,3,9,0,0,3,0,4,1,0,0,0,
2020-12-28,23,19,11,3,11,1,7,11,0,12,2,1,7,5,4,2,2,0,7,3,0,5,3,1,0,1,0,3,6,0,1,0,3,1,0,0,7,0,5,2,5,6,16,7,1,19,3,11,0,0,2,0,4,1,0,0,0,
2020-12-29,24,17,10,2,10,2,9,8,0,13,2,1,6,6,4,2,2,1,1,4,0,7,3,1,0,1,0,2,5,0,1,0,3,1,0,0,6,0,7,3,6,5,15,6,1,17,2,9,0,0,2,0,5,1,0,0,0,
2020-12-30,41,18,18,4,11,2,8,12,0,14,1,1,6,4,4,3,1,0,3,4,0,6,3,0,0,1,0,2,6,0,1,0,2,1,0,0,6,0,8,3,4,6,20,6,1,25,3,10,0,0,1,0,5,1,0,0,0,
2020-12-31,35,14,16,3,7,2,7,11,1,12,2,1,6,3,4,2,1,0,3,4,0,5,2,0,0,1,1,2,7,1,1,0,2,1,0,0,5,0,6,2,3,6,16,6,1,20,1,7,0,0,2,0,4,1,0,0,0,
2021-01-01,37,20,14,3,10,2,7,12,0,10,2,1,6,3,5,2,2,0,2,4,0,6,3,0,0,1,0,2,7,0,1,0,2,0,0,0,7,0,7,3,3,6,20,6,1,20,2,9,0,0,2,0,4,1,0,0,0,
2021-01-02,35,16,15,4,12,1,8,13,0,12,2,1,6,4,4,2,1,0,2,4,0,7,4,1,0,1,0,3,6,0,0,1,3,1,0,0,8,0,6,3,4,6,22,6,1,26,2,11,0,0,2,0,4,1,0,0,0,
2021-01-03,34,22,16,3,13,2,9,14,0,38,2,1,5,3,4,3,1,0,2,4,0,6,5,1,0,1,0,3,5,0,1,0,3,1,0,0,7,0,6,3,3,7,21,5,1,24,2,12,0,0,2,0,4,1,0,0,0,
2021-01-04,38,19,16,5,9,2,6,12,0,11,2,1,6,3,3,2,2,1,2,3,0,5,3,1,0,1,0,2,5,0,1,0,3,1,0,0,7,0,5,3,3,6,17,6,1,23,2,9,0,0,2,0,3,1,0,0,0,
2021-01-05,38,18,18,3,8,2,8,28,0,11,1,1,6,3,5,3,1,1,3,3,0,6,4,1,0,1,0,2,5,0,3,0,2,1,0,0,6,0,5,8,3,5,18,6,1,23,2,8,0,0,1,0,4,0,0,0,0,
2021-01-06,47,16,20,4,10,2,7,16,0,9,1,1,6,2,4,2,2,0,3,4,0,6,2,1,0,0,0,3,6,0,1,0,2,7,0,0,6,0,5,3,2,8,21,6,1,24,1,9,0,0,1,0,4,0,0,0,0,
2021-01-07,63,13,28,6,10,3,6,16,0,10,2,1,8,3,5,2,1,0,4,3,0,6,2,1,0,1,0,2,5,0,1,0,2,0,0,0,6,0,5,7,3,7,24,8,1,33,3,10,0,0,2,0,4,1,0,0,0,
2021-01-08,66,15,27,6,10,3,6,18,0,10,2,1,7,2,5,2,1,0,3,5,0,5,4,0,0,0,0,2,6,0,0,0,2,1,0,0,6,0,6,4,2,7,26,7,1,33,3,9,0,0,2,0,4,1,0,0,0,
2021-01-09,63,15,25,6,10,4,8,16,0,12,3,1,7,3,5,3,1,0,2,4,0,7,4,1,0,1,1,3,6,0,1,0,2,1,0,0,8,0,8,4,3,6,27,7,0,33,1,11,0,0,3,0,5,0,0,0,0,
2021-01-10,50,22,20,5,11,2,8,18,0,11,3,2,6,3,6,3,2,0,3,3,0,7,4,0,0,1,0,3,5,0,0,0,3,0,0,0,8,0,6,5,3,6,25,6,0,29,3,12,0,0,3,0,5,1,0,0,0,
2021-01-11,40,18,15,4,10,2,6,11,1,9,2,1,6,3,5,2,1,1,3,7,0,6,4,0,0,0,0,3,6,1,0,0,3,1,0,0,8,0,9,3,3,7,19,6,1,23,3,11,0,0,2,0,4,1,0,0,0,
2021-01-12,36,18,96,2,9,3,7,14,1,10,2,1,8,3,4,2,1,0,3,4,0,5,4,0,0,1,0,3,5,1,1,0,2,1,0,0,6,0,9,3,3,6,18,8,1,25,2,8,0,0,2,0,5,1,1,0,0,
2021-01-13,26,18,14,3,8,1,6,12,0,10,3,2,6,4,5,3,1,0,2,6,0,5,4,0,0,1,0,3,9,0,0,0,3,1,0,0,7,0,5,4,4,6,26,6,1,21,2,6,0,0,3,0,5,1,0,0,0,
2021-01-14,18,18,9,2,9,1,8,10,1,8,2,1,8,8,7,4,1,0,2,4,0,6,3,1,0,1,0,3,10,1,0,0,3,1,0,0,6,0,6,5,8,6,13,8,1,19,2,5,0,0,2,0,5,1,0,0,0,
2021-01-15,16,17,7,1,6,0,12,7,0,10,3,1,5,4,4,5,1,1,2,5,0,5,4,1,0,0,1,3,10,0,0,0,2,1,0,0,6,0,6,3,4,5,11,5,2,16,2,6,0,0,3,0,5,1,0,0,0,
2021-01-16,21,20,9,2,7,1,8,9,1,11,3,2,6,3,5,4,2,0,3,5,0,6,4,0,0,1,0,3,8,1,1,0,3,1,0,0,6,0,6,6,3,4,15,6,1,18,1,4,0,0,3,1,4,1,0,0,0,
2021-01-17,21,22,9,3,9,1,8,11,1,12,3,2,6,4,5,3,2,0,4,5,0,8,4,1,0,0,1,2,9,1,0,0,3,1,0,0,7,0,67,6,4,6,16,6,1,19,1,5,0,0,3,0,5,1,0,0,0,
2021-01-18,22,17,11,2,9,1,7,11,0,11,2,1,7,4,4,4,2,0,2,3,0,6,4,1,0,0,0,2,5,0,1,0,3,1,0,0,6,0,6,4,4,6,13,7,1,19,3,6,0,0,2,0,4,0,0,0,1,
2021-01-19,25,19,10,2,9,2,7,9,0,10,2,1,5,4,4,3,1,0,2,4,0,7,4,1,0,1,1,3,6,0,0,0,3,1,0,0,7,0,5,3,4,5,15,5,1,17,2,4,0,0,2,0,5,1,0,0,0,
2021-01-20,98,16,13,1,6,1,10,11,1,21,2,2,11,4,5,3,1,1,3,4,0,6,3,1,0,1,0,2,6,1,1,0,3,1,0,0,5,0,5,4,4,5,21,11,1,20,2,4,0,0,2,0,4,1,0,0,0,
2021-01-21,64,19,6,1,9,1,8,8,0,13,3,2,6,5,5,6,1,0,2,3,0,7,3,1,0,1,1,3,5,0,1,0,2,8,0,0,7,0,5,4,5,5,19,6,1,13,1,3,0,0,3,0,5,1,1,0,0,
2021-01-22,28,21,4,1,6,0,7,6,0,13,3,2,6,5,5,4,1,1,2,2,0,7,2,1,0,0,0,2,6,0,1,0,2,10,0,0,5,0,5,3,5,5,12,6,1,11,2,4,0,0,3,0,5,1,1,0,0,
2021-01-23,25,21,5,1,8,0,9,7,0,12,4,1,9,6,6,3,2,0,2,5,0,6,4,0,0,1,0,3,6,0,0,1,3,1,0,0,7,0,6,3,6,4,12,9,1,13,1,4,0,0,4,0,5,1,0,0,0,
2021-01-24,15,23,4,1,10,0,8,6,1,14,4,2,9,10,5,4,2,0,1,4,0,6,4,1,0,0,0,3,7,1,0,0,2,1,0,0,8,0,5,4,10,4,12,9,2,13,2,3,0,0,4,0,4,1,0,0,0,
2021-01-25,10,21,3,1,7,0,8,6,1,16,5,3,10,5,4,4,3,0,3,6,0,6,4,1,0,0,0,3,7,1,0,0,3,1,0,0,8,0,4,3,5,5,9,10,1,11,1,3,0,0,5,0,5,1,0,0,0,
2021-01-26,9,22,3,1,8,0,7,7,1,11,6,4,9,6,6,3,2,1,2,7,0,7,4,1,0,1,0,2,6,1,0,0,4,1,0,0,6,0,10,6,6,4,7,9,1,10,2,3,0,0,6,0,4,1,0,0,0,
2021-01-27,11,20,5,9,7,0,18,8,1,11,6,2,20,5,6,4,2,0,2,4,0,7,4,1,0,1,1,3,5,1,0,0,3,1,0,0,6,0,13,3,5,3,11,20,1,12,2,3,0,0,6,0,4,1,0,0,0,
2021-01-28,13,19,5,1,7,0,6,10,1,10,4,2,8,5,5,3,1,0,2,3,0,7,3,1,0,0,1,3,4,1,0,0,2,1,0,0,5,0,4,3,5,4,9,8,0,11,2,3,0,0,4,0,4,1,1,0,0,
2021-01-29,14,21,21,1,7,1,7,7,1,8,5,3,6,3,4,3,2,1,4,4,0,7,3,1,0,0,1,2,6,1,1,0,2,5,0,0,8,0,5,3,3,3,10,6,1,11,2,3,0,0,5,0,5,1,0,0,0,
2021-01-30,13,21,7,1,6,0,6,9,0,8,5,3,5,4,5,3,1,1,3,5,0,4,4,1,0,1,1,2,5,0,0,0,2,1,0,0,8,0,4,4,4,5,9,5,1,11,1,3,0,0,5,0,3,1,0,0,0,
2021-01-31,12,24,6,1,7,1,7,7,0,9,6,2,7,5,5,4,3,1,3,4,0,4,3,1,0,0,1,3,5,0,0,0,4,2,0,0,6,0,5,4,5,4,10,7,1,12,2,2,0,0,6,0,1,1,0,0,0,
2021-02-01,8,24,4,0,8,0,7,7,0,19,7,2,6,3,5,3,2,1,1,4,0,4,4,0,0,1,1,2,6,0,0,0,2,2,0,0,7,0,4,5,3,4,7,6,1,8,2,3,0,0,7,0,1,1,0,0,1,
2021-02-02,11,24,6,0,8,1,5,7,0,8,7,3,7,4,5,4,1,1,2,5,0,4,4,1,0,1,1,2,6,0,0,0,2,2,0,0,8,0,4,4,4,4,8,7,0,9,2,2,0,0,7,0,1,1,0,0,0,
2021-02-03,11,21,12,0,5,1,5,7,1,7,7,2,6,4,4,3,3,1,3,4,0,4,4,1,0,1,1,3,5,1,1,0,1,2,0,0,6,0,3,3,4,4,10,6,1,11,1,2,0,0,7,0,1,1,0,0,0,
2021-02-04,10,22,5,0,6,1,6,6,0,11,5,3,21,3,5,4,2,1,2,5,0,5,4,1,0,1,1,2,5,0,0,0,2,1,0,0,5,0,8,3,3,3,7,21,1,12,2,2,0,0,5,0,1,1,0,0,0,
2021-02-05,7,20,4,0,6,0,4,6,0,7,4,2,14,4,6,3,2,0,2,3,0,4,3,1,0,1,0,2,6,0,0,0,2,1,0,0,6,0,3,3,4,3,7,14,1,9,2,3,0,0,4,0,1,1,0,0,0,
2021-02-06,8,22,3,1,7,0,8,6,1,9,6,4,10,4,6,4,2,0,2,5,0,5,4,1,0,1,1,3,5,1,1,0,3,1,0,0,7,0,4,4,4,4,6,10,1,9,1,2,0,0,6,0,1,1,0,0,1,
2021-02-07,6,25,3,0,9,0,7,5,1,7,7,4,7,5,5,4,3,1,3,6,0,3,5,1,0,1,1,3,6,1,0,0,4,1,0,0,8,0,4,4,5,4,6,7,1,10,2,2,0,0,7,0,1,1,0,0,0,
2021-02-08,8,19,3,1,7,0,6,5,1,8,7,3,7,3,5,3,2,0,3,4,0,3,4,1,0,0,0,3,6,1,1,0,3,1,0,0,7,0,5,3,3,3,6,7,1,9,2,2,0,0,7,0,1,1,0,0,0,
2021-02-09,7,20,2,1,6,0,5,4,0,6,8,3,5,3,4,3,4,0,3,5,0,4,3,1,0,0,1,3,5,0,1,0,2,2,0,0,8,0,3,3,3,3,7,5,0,9,1,2,0,0,8,0,2,1,0,0,0,
2021-02-10,17,18,4,1,6,0,5,7,0,6,6,3,5,4,4,3,2,0,3,4,0,3,3,0,0,0,1,2,4,0,0,0,2,1,0,0,6,0,6,2,4,3,6,5,1,5,1,1,0,0,6,0,1,1,0,0,0,
2021-02-11,4,19,2,0,4,1,4,4,0,6,6,3,5,2,4,4,3,0,2,3,0,3,3,1,0,0,1,3,4,0,0,0,2,0,0,0,5,0,3,3,2,3,5,5,1,7,1,1,0,0,6,0,1,1,0,0,0,
2021-02-12,6,21,2,0,6,1,5,4,1,7,8,3,6,2,4,3,4,0,3,4,0,3,4,1,0,0,0,3,4,1,0,0,3,1,0,0,6,0,3,3,2,3,4,6,1,7,1,1,0,0,8,0,1,1,0,0,1,
2021-02-13,4,21,3,0,6,0,4,5,1,5,13,5,10,4,5,4,5,1,4,6,0,3,4,1,0,1,1,3,8,1,0,0,4,1,0,0,7,0,4,4,4,3,5,10,1,8,2,2,0,0,13,0,1,2,0,0,1,
2021-02-14,5,27,3,0,9,0,6,4,1,7,12,6,13,5,6,6,6,1,4,7,0,5,6,1,0,1,1,4,9,1,1,0,4,1,0,0,9,0,4,5,5,3,6,13,1,8,3,2,1,0,12,0,2,2,1,0,0,
2021-02-15,4,26,2,1,6,0,6,8,1,7,11,5,12,10,6,6,5,1,5,4,0,4,4,1,0,1,1,3,9,1,0,0,5,1,0,0,8,0,4,4,10,4,5,12,1,8,3,1,0,0,11,0,1,1,0,0,0,
2021-02-16,6,24,3,1,8,0,5,6,0,8,10,6,9,4,4,5,4,0,4,4,0,5,5,1,0,0,0,3,6,0,1,0,3,2,0,0,8,0,3,5,4,4,7,9,2,9,1,1,0,0,10,0,2,1,0,0,0,
2021-02-17,10,18,16,0,7,0,4,8,1,6,11,5,7,3,5,4,3,1,4,5,0,2,4,1,0,1,1,3,6,1,1,0,3,1,0,0,6,0,3,4,3,4,7,7,0,8,2,2,0,0,11,0,1,1,0,0,0,
2021-02-18,11,21,5,1,6,0,4,11,1,4,12,4,6,3,6,4,3,0,4,5,0,4,4,1,0,1,1,3,5,1,0,0,3,2,0,0,6,0,3,5,3,4,7,6,2,10,2,2,0,0,12,0,1,1,0,0,0,
2021-02-19,8,19,4,0,6,0,4,4,1,5,10,5,6,3,5,3,3,0,3,4,0,3,4,0,0,1,0,3,6,1,0,0,3,2,0,0,6,0,3,4,3,3,5,6,1,8,1,2,0,0,10,0,2,1,0,0,0,
2021-02-20,6,23,3,0,8,0,5,5,0,5,13,7,10,3,7,6,5,1,4,6,0,3,6,1,0,1,1,4,9,0,1,0,4,2,0,0,8,0,4,3,3,5,5,10,1,6,2,1,1,0,13,0,1,2,0,0,0,
2021-02-21,4,28,2,0,7,0,4,3,1,5,18,9,61,4,6,5,8,1,7,8,0,6,8,1,0,1,1,4,11,1,1,0,5,2,0,0,11,0,4,5,4,3,5,61,1,6,2,1,0,0,18,0,2,2,0,0,0,
2021-02-22,4,23,2,0,8,0,4,3,1,5,16,6,10,3,6,6,6,1,6,10,0,5,4,1,0,0,0,5,7,1,0,0,4,2,0,0,10,0,3,6,3,4,4,10,1,5,1,1,1,0,16,0,1,2,0,0,1,
2021-02-23,5,23,2,0,7,0,2,4,1,4,15,8,15,4,6,5,6,0,6,6,0,4,6,1,0,1,1,3,7,1,0,0,5,2,0,0,8,0,13,5,4,3,4,15,1,6,1,1,0,0,15,1,2,2,0,0,0,
2021-02-24,2,22,1,0,6,0,3,3,1,3,13,7,18,4,6,6,6,1,5,7,0,5,5,1,0,0,1,2,7,1,0,0,4,1,0,0,9,0,3,6,4,3,3,18,1,5,2,1,0,0,13,0,1,1,0,0,0,
2021-02-25,2,22,1,0,7,0,5,2,1,4,13,6,9,4,5,5,6,0,6,8,0,4,4,1,0,0,0,2,6,1,0,0,3,1,0,0,7,0,11,5,4,3,4,9,1,4,1,1,0,0,13,0,1,1,0,0,0,
2021-02-26,2,23,1,0,5,0,2,3,0,3,13,8,8,3,5,5,6,0,5,9,0,4,4,1,0,1,0,1,7,0,0,0,4,1,0,0,7,0,2,4,3,3,3,8,1,3,1,1,0,0,13,0,1,1,0,0,0,
2021-02-27,2,25,1,0,7,0,4,3,1,5,18,13,12,3,6,6,6,1,6,9,1,6,6,1,0,1,0,2,6,1,1,0,4,1,0,0,8,0,3,5,3,4,4,12,1,6,1,1,1,0,18,1,1,2,0,0,1,
2021-02-28,3,28,1,0,9,0,3,3,1,5,17,11,12,3,6,8,10,1,6,10,0,6,8,1,0,1,1,3,7,1,1,0,4,2,0,0,9,0,3,5,3,3,3,12,1,6,2,1,1,0,17,0,2,2,0,0,0,
2021-03-01,3,31,1,0,8,0,3,3,2,3,21,12,9,3,5,7,9,0,8,13,0,6,6,2,0,1,0,3,7,2,1,0,5,2,0,0,9,0,4,6,3,4,4,9,1,6,2,3,0,0,21,1,1,2,0,0,1,
2021-03-02,4,19,2,0,8,0,3,3,1,5,11,9,8,2,4,5,6,0,5,9,0,4,4,1,0,1,1,3,6,1,0,0,3,2,0,0,7,0,9,5,2,4,5,8,1,4,2,1,0,0,11,0,1,2,0,0,0,
2021-03-03,3,20,1,0,6,0,3,2,1,4,15,10,15,2,6,6,6,1,5,10,0,5,5,1,0,1,0,3,5,1,0,0,3,1,0,0,6,0,3,6,2,5,4,15,1,5,1,1,0,0,15,0,2,2,0,0,0,
2021-03-04,2,22,1,0,8,0,3,3,1,5,17,9,9,3,6,7,7,1,6,10,0,6,5,1,0,1,0,3,5,1,0,0,3,1,0,0,8,0,2,7,3,5,3,9,1,4,1,1,1,0,17,1,2,3,0,0,0,
2021-03-05,1,24,4,0,6,0,2,1,1,3,15,10,9,3,6,6,7,1,6,9,0,6,5,1,0,1,0,3,4,1,1,0,3,1,0,0,8,0,3,5,3,4,4,9,0,4,2,1,0,0,15,0,1,1,0,0,1,
2021-03-06,2,28,1,0,7,0,2,2,1,3,20,13,9,3,7,9,8,0,7,11,1,7,7,2,0,1,0,4,6,1,0,0,4,2,0,0,9,0,3,6,3,4,3,9,0,5,2,0,1,0,20,0,2,2,0,0,1,
2021-03-07,3,30,1,0,9,0,2,2,2,3,16,14,8,2,7,8,11,0,8,14,0,6,7,1,0,1,0,4,8,2,1,0,4,3,0,0,11,0,3,25,2,4,4,8,1,4,2,1,0,0,16,1,2,2,0,0,1,
2021-03-08,2,27,1,0,6,0,2,2,2,2,16,14,10,2,6,9,9,1,9,14,1,6,4,1,0,1,0,3,6,2,1,0,3,3,0,0,9,0,4,8,2,3,3,10,1,4,2,1,1,1,16,0,2,2,0,0,1,
2021-03-09,2,25,8,0,5,0,3,2,1,3,21,13,9,2,8,9,10,0,10,14,1,6,6,1,0,1,1,3,7,1,0,0,4,2,0,0,9,0,4,7,2,4,4,9,1,4,1,1,0,0,21,0,2,2,0,0,0,
2021-03-10,1,26,1,0,6,0,1,1,2,2,20,15,9,2,5,8,9,0,8,14,0,6,8,2,0,1,0,3,6,2,1,0,3,3,0,0,9,0,3,6,2,4,3,9,1,3,1,1,0,0,20,1,2,1,1,0,1,
2021-03-11,1,28,1,0,6,0,2,1,2,1,21,17,8,2,7,8,10,1,8,14,0,10,6,2,0,1,0,3,6,2,1,1,4,2,0,0,10,0,3,10,2,4,3,8,1,3,1,1,1,0,21,0,2,3,0,0,1,
2021-03-12,1,29,0,0,6,0,1,2,2,1,17,13,8,1,8,8,9,1,7,13,0,7,7,2,0,1,0,2,5,2,0,0,3,2,0,0,8,0,3,6,1,3,3,8,1,3,1,1,1,0,17,1,2,2,0,0,0,
2021-03-13,1,28,0,0,6,0,1,1,1,1,17,14,7,2,8,10,14,1,7,13,0,7,9,1,0,1,0,4,6,1,0,0,4,3,0,0,9,0,3,6,2,3,3,7,1,3,1,1,0,1,17,1,2,2,0,0,1,
2021-03-14,2,34,1,0,6,0,2,1,1,2,16,16,7,2,5,12,19,1,8,15,1,7,6,2,0,1,0,5,8,1,0,0,4,2,0,0,12,0,3,6,2,3,2,7,1,5,2,1,1,0,16,1,2,3,0,0,0,
2021-03-15,2,30,1,0,6,0,1,2,1,1,16,15,7,1,6,8,14,1,10,16,0,8,8,2,0,1,0,5,6,1,0,0,4,2,0,0,10,0,3,7,1,5,2,7,1,3,1,0,1,0,16,0,2,2,0,0,1,
2021-03-16,1,32,0,0,8,0,1,1,2,1,19,15,17,1,6,10,16,1,10,15,0,8,8,2,0,1,1,3,8,2,0,0,4,2,0,0,10,0,2,9,1,3,2,17,0,4,1,0,1,0,19,0,2,2,0,0,1,
2021-03-17,1,29,1,0,10,0,9,1,2,1,15,17,6,1,6,10,13,0,10,15,0,8,6,2,0,1,0,3,8,2,1,0,4,3,0,0,10,0,3,9,1,3,2,6,0,3,2,1,1,0,15,1,3,3,0,0,1,
2021-03-18,1,33,1,0,8,0,1,1,2,1,15,14,5,1,8,13,15,0,10,13,0,6,9,1,0,1,0,4,6,2,1,0,5,2,0,0,9,0,3,11,1,3,2,5,1,3,2,0,1,1,15,1,2,3,0,0,1,
2021-03-19,1,31,1,0,6,0,0,1,2,0,15,15,3,1,6,10,14,1,9,13,0,6,8,2,0,1,1,2,5,2,1,0,2,2,0,0,8,0,2,8,1,2,1,3,0,3,2,0,1,1,15,1,2,3,0,0,1,
2021-03-20,2,36,0,0,8,0,1,1,1,1,16,15,5,2,8,9,14,0,10,15,1,8,9,2,0,1,0,3,8,1,1,0,4,3,0,0,9,0,3,10,2,2,2,5,0,4,2,1,1,1,16,1,2,2,0,0,1,
2021-03-21,1,34,0,0,11,0,1,1,2,1,14,13,5,1,6,10,17,0,10,14,0,8,9,2,0,1,0,4,7,2,0,0,5,2,0,0,11,0,2,8,1,3,2,5,0,3,1,1,1,1,14,1,2,3,0,0,1,
2021-03-22,2,31,6,0,8,0,1,1,2,2,15,12,8,1,6,8,13,1,10,12,1,17,7,1,0,1,1,3,7,2,1,1,4,2,0,0,8,0,2,6,1,3,4,8,0,3,1,0,1,0,15,0,2,2,0,0,0,
2021-03-23,1,29,0,0,14,0,0,1,2,1,13,12,4,1,6,9,13,1,9,12,0,8,8,2,0,1,0,3,6,2,0,0,3,3,0,0,9,0,3,7,1,3,2,4,0,3,2,0,1,0,13,0,2,2,0,0,1,
2021-03-24,1,32,0,0,8,0,1,1,3,1,13,15,5,1,6,8,11,1,11,13,0,7,8,1,0,1,1,2,5,3,0,0,3,2,0,0,10,0,2,8,1,3,2,5,0,3,2,1,1,1,13,1,3,3,1,0,1,
2021-03-25,1,31,0,0,8,0,1,1,3,1,18,13,3,1,10,9,15,0,10,13,1,10,8,3,0,0,0,3,5,3,0,0,4,3,0,0,9,0,2,8,1,2,1,3,0,2,2,1,1,1,18,1,3,2,0,0,1,
2021-03-26,0,28,0,0,4,0,0,1,2,0,13,13,3,0,9,10,15,1,10,10,0,7,8,2,0,1,0,3,5,2,2,0,3,2,0,0,9,0,1,8,0,3,2,3,0,2,1,1,1,1,13,0,3,3,0,0,1,
2021-03-27,1,32,0,0,8,0,0,1,2,1,14,12,3,1,8,11,15,1,11,14,0,7,9,2,0,1,0,3,6,2,1,0,4,3,0,0,7,0,3,8,1,2,2,3,0,3,1,0,1,1,14,1,4,2,0,0,1,
2021-03-28,2,34,1,0,9,0,0,1,2,0,15,13,2,0,7,10,18,1,11,11,0,8,7,2,0,1,0,3,7,2,1,0,5,2,0,0,8,0,2,8,0,1,2,2,0,2,1,1,1,1,15,1,3,3,1,0,1,
2021-03-29,1,28,0,0,12,0,1,1,3,1,12,13,4,1,6,7,16,1,10,12,0,12,9,2,0,1,1,2,7,3,0,0,5,3,0,0,10,0,2,8,1,2,1,4,0,2,2,1,1,1,12,1,2,3,1,0,1,
2021-03-30,0,32,0,0,8,0,0,1,3,1,13,10,3,0,5,10,17,1,12,10,0,12,10,2,0,1,0,3,6,3,1,0,5,3,0,0,7,0,2,7,0,1,1,3,0,2,2,0,1,1,13,1,4,3,0,0,1,
2021-03-31,1,28,1,0,7,0,8,0,3,1,13,12,2,1,6,9,16,1,10,10,1,10,8,3,0,1,0,3,5,3,1,0,2,2,0,0,7,0,2,7,1,1,1,2,0,2,2,0,2,2,13,2,4,5,0,0,1,
2021-04-01,0,28,0,0,8,0,0,0,3,0,10,16,2,0,6,9,16,1,11,9,0,8,8,3,0,1,0,2,6,3,1,0,3,2,0,0,6,0,1,12,0,1,2,2,0,2,1,0,1,2,10,0,3,3,0,0,1,
2021-04-02,0,31,0,0,9,0,0,0,3,0,10,9,1,0,6,10,13,1,9,8,0,8,8,2,0,1,0,2,6,3,0,0,2,2,0,0,6,0,1,9,0,2,1,1,0,1,2,1,1,2,10,1,5,3,1,0,1,
2021-04-03,1,36,0,0,10,0,0,0,3,0,10,12,1,0,8,8,19,1,12,11,1,7,11,3,0,1,0,3,4,3,1,0,3,2,0,0,7,0,2,69,0,1,1,1,0,1,2,1,1,3,10,1,5,5,0,0,2,
2021-04-04,1,37,0,0,10,0,0,0,3,0,9,9,2,0,7,11,17,0,14,12,0,10,10,3,0,1,0,4,6,3,1,0,5,2,0,0,9,0,2,6,0,1,2,2,0,2,2,0,1,2,9,1,4,5,0,0,1,
2021-04-05,0,31,0,0,8,0,0,0,3,0,12,9,1,0,5,9,19,0,19,10,1,7,6,2,0,1,0,4,6,3,1,0,4,26,0,0,7,0,1,7,0,2,2,1,0,2,2,1,1,2,12,1,4,3,0,0,1,
2021-04-06,1,31,0,0,7,0,0,0,3,0,8,10,1,0,7,12,18,1,10,11,0,7,9,3,0,1,0,2,6,3,1,0,3,3,0,0,6,0,2,6,0,2,1,1,0,1,2,1,1,2,8,1,3,3,0,0,1,
2021-04-07,1,34,0,0,7,0,0,0,4,0,7,9,2,0,7,10,20,1,9,8,0,8,9,3,0,1,0,2,4,4,1,0,3,2,0,0,7,0,2,8,0,1,1,2,0,1,2,1,1,4,7,1,4,2,0,0,1,
2021-04-08,0,33,0,0,7,0,0,0,3,0,8,10,1,0,5,8,17,0,11,9,0,9,8,3,0,2,0,2,5,3,1,0,3,3,0,0,7,0,2,6,0,2,1,1,0,1,2,0,1,3,8,1,6,3,0,0,2,
2021-04-09,0,29,0,0,7,0,0,0,2,0,7,8,2,0,7,7,16,0,11,8,0,19,7,4,0,1,0,2,5,2,0,0,2,3,0,0,4,0,1,5,0,1,1,2,0,1,1,1,1,4,7,1,4,3,1,0,1,
2021-04-10,0,31,0,0,6,0,0,0,2,0,8,7,1,0,7,9,20,1,9,9,0,6,9,3,0,1,0,2,5,2,1,0,3,2,0,0,5,0,2,6,0,2,1,1,0,1,1,0,1,4,8,1,5,5,0,0,1,
2021-04-11,1,34,0,0,8,0,0,0,3,0,7,7,1,0,7,8,21,1,11,11,0,7,8,3,0,1,0,2,7,3,1,0,3,2,0,0,6,0,2,6,0,1,1,1,0,1,2,0,2,3,7,2,5,5,0,0,2,
2021-04-12,1,30,0,0,9,0,0,0,2,1,7,7,2,0,5,8,18,1,13,8,0,8,6,3,0,1,0,2,7,2,0,0,3,18,0,0,4,0,2,10,0,1,1,2,0,2,2,0,1,4,7,1,5,3,1,0,1,
2021-04-13,1,28,0,0,6,0,0,0,2,0,7,7,2,0,6,8,14,0,12,9,0,6,8,3,0,1,0,2,7,2,0,0,2,2,0,0,6,0,2,6,0,2,1,2,0,3,2,1,1,2,7,1,4,3,0,0,2,
2021-04-14,1,26,0,0,6,0,0,0,2,0,5,7,2,0,6,8,13,1,10,6,0,7,6,3,0,1,0,1,6,2,1,1,2,2,0,0,5,0,1,4,0,2,1,2,0,2,1,0,1,3,5,1,3,3,1,0,1,
2021-04-15,1,30,0,0,5,0,0,0,2,1,5,8,1,0,5,7,13,0,11,6,0,6,6,3,0,1,0,2,4,2,0,0,2,3,0,0,6,0,1,6,0,1,1,1,0,1,1,0,1,3,5,1,4,3,1,0,1,
2021-04-16,0,28,0,0,8,0,0,1,2,0,5,7,1,0,4,10,13,1,9,8,0,5,5,3,0,1,0,2,5,2,0,0,2,2,0,0,6,0,1,6,0,1,1,1,0,1,1,1,1,5,5,1,3,3,0,0,2,
2021-04-17,1,30,0,0,10,0,0,0,2,0,7,7,2,0,6,7,17,0,8,9,0,6,8,2,0,1,0,2,8,2,0,1,3,3,0,0,5,0,1,6,0,1,1,2,0,2,1,1,1,3,7,1,4,3,0,0,1,
2021-04-18,1,32,0,0,7,0,0,0,2,0,9,7,1,0,7,7,19,1,13,10,0,6,8,3,0,1,0,3,7,2,1,0,2,3,0,0,5,0,1,7,0,1,2,1,0,3,1,1,1,3,9,1,5,5,0,0,1,
2021-04-19,1,29,0,0,6,0,0,0,2,0,7,6,1,0,5,7,18,1,13,9,0,7,7,3,0,1,0,2,7,2,1,0,3,3,0,0,5,0,1,8,0,2,1,1,0,2,2,1,1,4,7,1,4,2,0,0,1,
2021-04-20,1,28,0,0,8,0,0,0,3,0,4,5,1,0,13,8,17,0,11,9,0,6,6,3,0,1,0,2,6,3,0,0,2,4,0,0,5,0,1,6,0,1,1,1,0,2,1,0,1,4,4,1,7,4,0,0,2,
2021-04-21,0,32,0,0,6,0,0,0,4,0,3,4,1,0,14,8,14,0,12,7,0,8,7,5,0,1,0,2,6,4,0,1,3,2,0,0,5,0,2,6,0,2,1,1,0,1,1,0,2,7,3,1,9,4,0,0,2,
2021-04-22,1,33,0,0,7,0,0,0,5,0,3,3,0,0,10,8,14,1,10,5,0,7,8,5,0,1,0,1,4,5,0,1,2,3,0,0,3,0,2,7,0,1,1,0,0,1,1,0,2,6,3,2,8,4,1,0,2,
2021-04-23,0,58,0,0,7,0,0,0,4,0,4,3,1,0,7,6,13,1,12,6,0,7,6,3,0,1,0,1,5,4,1,0,2,2,0,0,4,0,1,5,0,1,1,1,0,2,1,1,2,5,4,1,8,3,0,0,2,
2021-04-24,0,31,0,0,6,0,0,0,4,0,4,3,0,0,9,7,16,1,10,6,0,6,10,4,0,1,0,1,5,4,0,0,1,2,0,0,5,0,2,5,0,1,1,0,0,1,1,0,1,5,4,2,9,5,0,0,2,
2021-04-25,1,40,0,0,7,0,0,0,5,0,5,3,1,0,9,25,18,0,11,5,0,8,7,6,0,0,0,1,7,5,3,0,3,3,0,0,4,0,2,5,0,1,1,1,0,1,1,1,2,7,5,2,9,6,0,0,4,
2021-04-26,1,38,0,0,7,0,0,0,4,0,3,2,0,0,7,9,15,1,17,7,0,6,7,4,0,1,0,1,6,4,0,1,1,3,0,0,4,0,2,5,0,1,1,0,0,2,3,0,3,5,3,2,8,4,0,0,2,
2021-04-27,1,33,0,0,6,0,0,0,3,0,3,3,0,0,6,9,14,1,11,5,0,6,8,4,0,1,0,1,5,3,0,0,1,3,0,0,5,0,2,7,0,1,1,0,0,1,2,0,2,6,3,2,8,4,0,0,2,
2021-04-28,0,33,0,0,8,0,0,0,4,0,2,3,0,0,6,12,12,0,10,6,0,7,7,4,0,1,0,1,5,4,1,0,2,2,0,0,3,0,1,15,0,1,1,0,0,1,1,0,2,8,2,2,8,5,1,0,2,
2021-04-29,0,35,0,0,6,0,0,0,4,0,3,3,1,0,10,8,13,0,9,6,0,7,9,4,0,1,0,1,4,4,0,0,2,3,0,0,3,0,2,6,0,1,1,1,0,2,2,0,1,6,3,1,8,4,0,0,2,
2021-04-30,0,29,0,0,8,0,0,0,3,0,3,6,1,0,7,7,11,0,8,4,0,7,7,3,0,1,0,1,3,3,0,0,1,2,0,0,3,0,1,5,0,1,0,1,0,1,1,0,2,4,3,1,6,3,0,0,2,
2021-05-01,1,30,0,0,6,0,0,0,3,0,3,4,1,0,6,6,15,0,9,5,0,6,9,4,0,1,0,1,5,3,1,0,2,2,0,0,4,0,2,4,0,1,1,1,0,2,1,0,1,5,3,1,6,4,0,0,2,
2021-05-02,1,31,0,0,7,0,0,1,3,0,3,3,1,0,10,7,16,0,12,4,0,6,8,4,0,1,0,1,7,3,1,0,1,2,0,0,3,0,2,5,0,1,1,1,0,1,1,0,1,4,3,2,6,3,0,0,3,
2021-05-03,0,27,0,0,6,0,0,0,3,0,3,2,0,0,6,7,14,0,10,7,0,11,7,4,0,0,0,1,7,3,1,0,2,3,0,0,4,0,2,6,0,1,1,0,0,1,2,0,2,4,3,1,8,3,1,0,2,
2021-05-04,1,28,0,0,6,0,0,0,3,0,3,4,1,0,6,6,14,0,9,6,0,5,7,3,0,0,0,2,5,3,0,0,2,3,0,0,3,0,2,3,0,1,1,1,0,1,2,1,1,5,3,2,7,6,0,0,2,
2021-05-05,1,31,0,0,5,0,0,0,3,0,4,2,1,0,7,6,19,0,9,6,0,7,8,5,0,1,0,2,7,3,1,0,2,3,0,0,4,0,1,6,0,1,1,1,0,1,1,0,1,4,4,2,8,5,0,0,2,
2021-05-06,1,28,0,0,6,0,0,0,3,0,3,3,1,0,5,6,15,1,11,5,0,6,6,3,0,1,0,1,6,3,0,0,1,3,0,0,3,0,1,5,0,1,1,1,0,1,2,0,2,5,3,1,7,3,1,0,2,
2021-05-07,0,28,0,0,5,0,0,0,2,0,2,1,1,0,5,6,14,0,11,5,0,5,7,3,0,1,0,1,4,2,0,1,1,3,0,0,4,0,2,4,0,1,1,1,0,1,1,0,1,4,2,2,7,4,0,0,2,
2021-05-08,1,29,0,0,6,0,0,0,2,0,2,2,1,0,5,6,13,0,7,3,0,5,9,3,0,1,0,1,7,2,1,0,1,2,0,0,3,0,1,4,0,1,0,1,0,1,1,1,1,4,2,2,7,5,0,0,2,
2021-05-09,0,33,0,0,6,0,0,0,3,0,3,2,0,0,6,7,15,0,8,7,0,8,10,4,0,1,0,1,4,3,0,0,2,3,0,0,3,0,2,4,0,1,1,0,0,1,2,1,1,5,3,2,7,6,0,0,2,
2021-05-10,0,30,0,0,6,0,0,0,2,0,2,4,1,0,5,10,15,1,10,5,0,6,7,4,0,1,0,1,5,2,0,0,1,4,0,0,4,0,1,5,0,1,1,1,0,2,2,0,1,5,2,2,8,5,1,0,2,
2021-05-11,0,31,0,0,5,0,0,0,3,0,2,2,1,0,6,8,14,0,10,5,0,6,8,3,0,1,0,1,4,3,1,0,1,5,0,0,4,0,2,5,0,1,1,1,0,2,2,0,1,6,2,1,9,4,0,0,1,
2021-05-12,0,29,0,0,6,0,0,0,4,0,2,2,0,0,7,7,11,0,8,5,0,16,7,5,0,1,0,1,4,4,0,0,0,3,0,0,4,0,1,5,0,1,1,0,0,1,1,0,2,6,2,2,10,5,0,0,3,
2021-05-13,1,34,0,0,8,0,0,0,5,0,2,1,0,0,5,9,11,0,9,3,0,7,7,8,0,1,0,1,3,5,0,1,0,3,0,0,3,0,2,4,0,1,1,0,0,1,1,1,2,8,2,1,16,5,1,0,3,
2021-05-14,1,41,0,0,5,0,0,0,5,0,2,2,0,0,7,10,8,0,6,3,0,8,10,9,0,1,0,1,3,5,0,0,1,3,0,0,2,0,1,4,0,0,1,0,0,0,1,0,3,6,2,2,18,5,0,0,4,
2021-05-15,1,43,0,0,6,0,0,0,4,0,2,2,1,0,7,10,12,0,7,3,0,7,7,11,0,2,0,1,3,4,1,0,1,3,0,0,1,0,1,3,0,0,1,1,0,1,1,0,3,3,2,2,16,6,0,0,4,
2021-05-16,0,45,0,0,10,0,0,0,4,0,2,2,0,0,8,12,14,1,7,3,0,10,10,10,0,2,0,0,4,4,1,0,1,2,0,0,2,0,1,4,0,1,1,0,0,0,2,1,2,7,2,2,18,6,1,0,5,
2021-05-17,1,36,0,0,7,0,0,0,4,0,2,1,0,0,5,10,14,0,7,3,0,6,7,8,0,2,0,1,4,4,1,1,1,3,0,0,2,0,2,18,0,0,1,0,0,1,2,0,2,7,2,3,12,6,1,0,4,
2021-05-18,0,57,0,0,5,0,0,0,3,0,1,2,0,0,14,9,12,0,7,3,0,7,9,6,0,1,0,1,3,3,1,0,0,4,0,0,2,0,1,3,0,1,1,0,0,1,1,0,1,6,1,2,17,6,0,0,3,
2021-05-19,0,43,0,0,7,0,0,0,4,0,1,1,0,0,19,8,11,1,8,3,0,8,10,10,0,1,0,0,4,4,1,0,1,3,0,0,3,0,1,3,0,1,1,0,0,1,0,0,3,6,1,2,18,5,0,0,6,
2021-05-20,1,39,0,0,7,0,0,0,3,0,1,2,0,0,13,10,12,0,8,3,0,15,7,7,0,1,0,1,2,3,0,0,0,4,0,0,3,0,2,5,0,0,1,0,0,1,1,0,2,7,1,3,16,6,1,0,3,
2021-05-21,0,38,0,0,5,0,0,0,3,0,2,2,0,0,7,7,10,0,7,4,0,7,6,5,0,0,0,1,3,3,0,0,0,4,0,0,3,0,3,4,0,0,1,0,0,1,2,1,1,7,2,2,14,6,1,0,3,
2021-05-22,0,40,0,0,5,0,0,0,3,0,2,1,0,0,10,9,11,1,6,2,0,8,8,7,0,1,0,1,3,3,0,0,1,2,0,0,2,0,2,4,0,0,0,0,0,0,1,1,1,6,2,2,15,5,1,0,3,
2021-05-23,0,42,0,0,7,0,0,0,4,0,2,4,0,0,9,8,12,0,6,3,0,8,10,9,0,1,0,1,3,4,0,0,1,3,0,0,3,0,2,4,0,0,1,0,0,1,0,0,2,5,2,2,17,6,0,0,5,
2021-05-24,0,39,0,0,6,0,0,0,5,0,1,2,0,0,7,10,9,1,7,2,0,8,7,8,0,1,0,0,5,5,0,0,0,4,0,0,2,0,2,9,0,0,0,0,0,1,1,0,2,7,1,2,18,6,0,0,5,
2021-05-25,0,61,0,0,5,0,0,0,3,0,2,2,1,0,7,7,11,0,8,3,0,9,6,7,0,1,0,0,3,3,0,0,1,3,0,0,2,0,2,12,0,1,1,1,0,1,1,0,2,7,2,4,15,5,0,0,4,
2021-05-26,1,37,0,0,6,0,0,0,3,0,1,1,0,0,6,9,12,0,7,4,0,20,7,7,0,1,0,1,3,3,0,0,1,3,0,0,1,0,1,6,0,1,1,0,0,1,1,0,3,8,1,3,16,5,0,0,4,
2021-05-27,1,36,0,0,5,0,0,0,3,0,1,2,1,0,7,7,13,0,7,5,0,15,8,6,0,1,0,1,4,3,1,0,0,3,0,0,2,0,1,7,0,1,1,1,0,1,2,0,1,7,1,2,12,6,0,0,3,
2021-05-28,0,38,0,0,4,0,0,0,3,0,2,2,1,0,7,8,11,0,7,4,0,8,5,6,0,1,0,0,3,3,1,0,0,3,0,0,3,0,2,5,0,1,1,1,0,1,1,0,1,6,2,2,14,5,1,0,3,
2021-05-29,1,40,0,0,5,0,0,0,3,0,2,3,0,0,6,8,12,0,6,4,0,7,9,4,0,0,0,1,3,3,0,1,1,4,0,0,2,0,2,5,0,0,1,0,0,1,1,0,1,4,2,2,14,6,0,0,4,
2021-05-30,1,38,0,0,5,0,0,0,2,0,2,1,0,0,7,10,13,0,6,4,0,7,8,9,0,1,0,1,3,2,0,0,0,2,0,0,3,0,1,4,0,0,0,0,0,1,1,0,2,4,2,2,15,5,1,0,4,
2021-05-31,1,54,0,0,5,0,0,0,2,0,1,2,1,0,6,6,12,0,6,3,0,7,6,8,0,0,0,1,4,2,0,1,0,3,0,0,1,0,1,5,0,0,0,1,0,1,1,0,1,5,1,2,16,6,1,0,3,
2021-06-01,2,38,0,0,6,0,0,0,3,0,1,1,0,0,6,9,9,1,7,3,0,7,7,9,0,1,0,0,3,3,1,0,1,2,0,0,2,0,2,4,0,0,3,0,0,1,1,1,2,5,1,4,18,6,0,0,5,
2021-06-02,1,44,0,0,6,0,0,0,5,0,2,1,0,0,5,9,9,0,7,3,0,9,7,11,0,1,0,1,3,5,1,0,1,3,0,0,1,0,2,5,0,1,1,0,0,1,1,0,2,6,2,2,22,9,0,0,5,
2021-06-03,0,46,0,0,6,0,0,0,3,0,1,1,0,0,7,12,10,1,6,3,0,9,9,9,0,1,0,0,3,3,1,1,0,3,0,0,2,0,1,4,0,1,1,0,0,1,1,0,2,6,1,2,21,10,1,0,5,
2021-06-04,0,39,0,0,4,0,0,0,3,0,1,1,1,0,7,8,8,0,5,3,0,7,10,7,0,0,0,1,2,3,0,0,0,2,0,0,1,0,2,4,0,1,1,1,0,1,1,0,2,5,1,2,19,11,0,0,4,
2021-06-05,0,42,0,0,5,0,0,0,3,0,1,1,0,0,5,10,7,0,5,3,0,8,10,8,0,1,0,1,2,3,1,0,0,2,0,0,2,0,1,2,0,0,0,0,0,0,1,0,2,4,1,3,18,11,1,0,5,
2021-06-06,0,49,0,0,6,0,0,0,3,0,1,1,0,0,7,11,9,0,6,1,0,9,9,14,0,1,0,0,4,3,0,0,1,3,0,0,2,0,1,4,0,0,0,0,0,1,1,0,2,6,1,3,23,10,1,0,6,
2021-06-07,0,44,0,0,6,0,0,0,4,0,1,0,0,0,6,9,7,0,7,3,0,9,9,13,0,1,0,0,2,4,1,0,0,2,0,0,6,0,1,4,0,0,1,0,0,1,1,0,2,4,1,2,24,8,1,0,8,
2021-06-08,0,46,0,0,7,0,0,0,4,0,1,1,0,0,6,12,7,1,5,2,0,9,9,13,0,1,0,0,2,4,0,0,0,3,0,0,2,0,1,4,0,1,1,0,0,0,1,0,2,4,1,3,26,9,1,0,8,
2021-06-09,0,52,0,0,5,0,0,0,4,0,1,1,0,0,6,11,8,0,28,2,0,9,12,17,0,1,0,0,3,4,0,1,0,4,0,0,1,0,2,3,0,1,0,0,0,0,1,0,2,5,1,3,34,9,0,0,9,
2021-06-10,0,48,0,0,6,0,0,0,5,0,1,0,0,0,5,10,5,0,4,2,0,11,10,14,0,1,0,0,3,5,1,0,0,2,0,0,1,0,2,3,0,1,1,0,0,1,1,0,2,5,1,2,26,9,0,0,6,
2021-06-11,1,49,0,0,5,0,0,0,3,0,1,1,0,0,5,9,5,0,3,2,0,13,11,12,0,1,0,0,3,3,1,0,0,3,0,0,1,0,1,3,0,1,1,0,0,0,1,0,2,4,1,2,27,9,0,0,6,
2021-06-12,0,51,0,0,6,0,0,0,3,0,1,0,1,0,6,11,6,0,2,2,0,11,11,15,0,1,0,0,3,3,0,0,0,2,0,0,2,0,2,3,0,0,1,1,0,1,1,0,1,2,1,3,26,8,0,0,8,
2021-06-13,0,59,0,0,7,0,0,0,3,0,1,1,0,0,6,10,6,0,2,2,0,14,12,20,0,1,0,0,3,3,0,0,0,2,0,0,2,0,2,2,0,0,1,0,0,1,1,1,2,2,1,2,33,10,0,0,12,
2021-06-14,0,57,0,0,7,0,0,0,4,0,1,1,0,0,6,10,5,1,4,2,0,12,12,19,0,1,0,0,3,4,1,0,0,14,0,0,2,0,2,9,0,0,0,0,0,1,1,0,1,3,1,3,31,9,0,0,9,
2021-06-15,0,51,0,0,6,0,0,0,4,0,2,0,0,0,6,12,5,0,4,2,0,10,9,13,0,1,0,0,2,4,0,0,0,3,0,0,1,0,2,2,0,1,1,0,0,1,1,0,2,3,2,2,30,10,1,0,8,
2021-06-16,0,51,0,0,26,0,0,0,3,0,1,1,0,0,7,10,6,0,11,2,0,10,11,13,0,1,0,0,3,3,0,0,0,3,0,0,1,0,2,2,0,0,1,0,0,1,1,0,1,3,1,2,30,9,0,0,8,
2021-06-17,1,48,0,0,5,0,0,0,3,0,1,0,0,0,7,9,5,0,3,2,0,17,8,11,0,1,0,0,3,3,0,1,0,3,0,0,1,0,2,2,0,1,1,0,0,1,2,0,2,2,1,3,22,11,0,0,6,
2021-06-18,0,44,0,0,5,0,0,0,3,0,1,1,0,0,6,9,4,0,3,2,0,9,8,8,0,1,0,0,3,3,0,0,0,2,0,0,1,0,2,26,0,0,1,0,0,1,2,0,1,2,1,2,24,9,0,0,4,
2021-06-19,0,47,0,0,5,0,0,0,2,0,2,2,0,0,6,10,5,0,3,1,0,9,8,13,0,1,0,0,3,2,0,0,0,2,0,0,1,0,2,1,0,0,1,0,0,1,0,0,1,2,2,2,22,10,0,0,8,
2021-06-20,0,51,0,0,5,0,0,0,2,0,1,1,0,0,5,9,5,0,2,1,0,9,10,17,0,1,0,0,3,2,1,0,0,2,0,0,1,0,1,2,0,0,1,0,0,1,1,0,2,3,1,2,27,12,1,0,9,
2021-06-21,0,52,0,0,5,0,0,0,3,0,1,1,0,0,6,11,4,0,3,1,0,10,9,13,0,1,0,0,3,3,0,0,0,2,0,0,2,0,2,1,0,1,1,0,0,1,1,0,2,3,1,2,26,9,0,0,9,
2021-06-22,1,49,0,0,4,0,0,0,3,0,1,0,0,0,6,9,5,0,3,1,0,10,11,13,0,1,0,0,3,3,0,0,0,2,0,0,1,0,2,1,0,0,1,0,0,1,1,0,1,4,1,4,27,8,1,0,9,
2021-06-23,0,50,0,0,4,0,0,0,3,0,1,0,0,0,6,11,4,0,2,3,0,15,10,11,0,1,1,0,2,3,0,1,0,3,0,0,1,0,2,1,0,1,1,0,0,1,1,0,2,3,1,2,26,8,0,0,7,
2021-06-24,1,52,0,0,6,0,0,0,2,0,1,0,0,0,6,10,5,0,2,1,0,9,12,10,0,1,0,0,3,2,0,0,0,1,0,0,1,0,2,2,0,1,1,0,0,1,2,0,1,3,1,1,26,10,0,0,6,
2021-06-25,0,50,0,0,3,0,0,0,2,0,0,0,0,0,5,10,3,0,2,1,0,11,11,12,0,0,1,0,2,2,0,0,0,2,0,0,5,0,2,5,0,0,1,0,0,1,1,0,2,6,0,2,27,10,0,0,8,
2021-06-26,0,48,0,0,4,0,0,0,2,0,1,0,0,0,6,10,4,0,3,2,0,10,11,10,0,1,0,0,2,2,1,0,0,2,0,0,1,0,2,1,0,0,0,0,0,1,0,0,1,3,1,2,26,9,0,0,7,
2021-06-27,1,57,0,0,5,0,0,0,3,0,1,1,0,0,7,9,4,0,2,1,0,10,11,14,0,1,0,0,4,3,0,1,0,2,0,0,1,0,2,3,0,0,1,0,0,1,1,0,1,3,1,3,25,10,1,0,9,
2021-06-28,0,48,0,0,5,0,0,0,3,0,1,0,0,0,6,14,4,0,3,2,0,10,11,14,0,1,1,0,2,3,0,0,0,2,0,0,1,0,2,3,0,0,1,0,0,1,1,0,2,2,1,3,29,11,1,0,9,
2021-06-29,1,52,0,0,4,0,0,0,3,0,1,0,0,0,6,9,4,0,2,1,0,19,11,12,0,1,1,0,3,3,0,0,0,3,0,0,1,0,2,1,0,1,0,0,0,1,1,0,2,3,1,3,25,9,1,0,10,
2021-06-30,0,46,0,0,4,0,0,0,2,0,1,1,0,0,6,10,3,0,3,1,0,9,11,12,0,1,0,0,3,2,0,0,0,2,0,0,1,0,1,6,0,0,1,0,0,1,1,0,2,14,1,12,23,8,1,0,8,
2021-07-01,1,50,0,0,5,0,0,0,3,0,1,0,0,0,6,9,3,0,2,1,0,10,9,13,0,0,0,0,3,3,0,0,0,3,0,0,1,0,1,1,0,0,1,0,0,1,1,0,1,2,1,5,27,7,0,0,8,
2021-07-02,0,51,0,0,4,0,0,0,3,0,1,1,0,0,5,10,4,0,2,1,0,8,8,13,0,1,0,0,2,3,0,1,0,2,0,0,1,0,2,1,0,0,1,0,0,1,1,0,1,2,1,2,27,7,0,0,5,
2021-07-03,1,59,0,0,5,0,0,0,2,0,1,1,0,0,5,10,4,0,2,2,0,11,12,13,0,1,0,1,3,2,0,0,0,2,0,0,2,0,2,2,0,1,1,0,0,1,1,0,1,3,1,2,32,10,0,0,10,
2021-07-04,0,56,0,0,7,0,0,0,2,0,1,1,0,0,4,12,4,0,3,2,0,9,11,14,0,0,1,1,4,2,0,0,1,2,0,0,1,0,1,1,0,0,1,0,0,1,1,0,2,2,1,3,26,9,1,0,9,
2021-07-05,0,51,0,0,4,0,0,0,3,0,1,1,0,0,8,8,3,0,2,1,0,9,11,12,0,1,1,1,3,3,0,0,1,3,0,0,1,0,2,2,0,1,1,0,0,1,1,0,2,3,1,2,21,8,1,0,9,
2021-07-06,0,52,0,0,5,0,0,0,2,0,1,1,0,0,7,11,4,0,3,1,0,16,8,14,0,2,0,0,3,2,0,0,0,2,0,0,1,0,1,2,0,1,1,0,0,1,1,0,1,3,1,2,25,9,1,0,10,
2021-07-07,0,51,0,0,6,0,0,0,3,0,1,0,0,0,6,13,3,0,2,1,0,10,11,14,0,1,1,1,2,3,0,0,0,2,0,0,7,0,2,2,0,1,1,0,0,1,1,0,1,2,1,3,30,6,1,0,8,
2021-07-08,0,53,0,0,6,0,0,0,2,0,1,0,0,0,5,10,3,0,1,3,0,9,9,14,0,1,1,0,3,2,0,1,0,2,0,0,1,0,2,2,0,1,1,0,0,1,1,0,2,2,1,2,26,9,1,0,9,
2021-07-09,0,45,0,0,5,0,0,0,2,0,1,0,0,0,5,10,3,0,3,1,0,8,8,14,0,1,0,0,1,2,0,0,0,1,0,0,1,0,4,2,0,1,1,0,0,1,1,0,2,2,1,2,24,8,1,0,8,
2021-07-10,1,50,0,0,6,0,0,0,2,0,1,0,0,1,5,9,6,0,2,1,0,10,10,14,0,1,0,0,2,2,0,0,0,2,0,0,0,0,1,1,1,0,1,0,0,1,1,0,1,2,1,2,21,9,1,0,9,
2021-07-11,1,59,0,0,6,0,0,0,3,0,1,0,0,0,8,10,4,0,2,1,0,9,10,18,0,1,1,0,3,3,0,0,1,1,0,0,1,0,2,2,0,0,2,0,0,1,1,0,2,1,1,2,30,8,1,0,11,
2021-07-12,1,56,0,0,7,0,0,0,2,0,1,0,0,0,7,9,3,0,2,1,0,9,13,20,0,1,1,1,3,2,0,1,0,1,0,0,1,0,1,2,0,0,1,0,0,1,2,0,2,2,1,2,28,10,1,0,14,
2021-07-13,1,56,0,0,7,0,0,0,3,0,1,1,0,0,6,10,3,0,2,1,0,11,9,19,0,1,1,0,3,3,0,0,0,1,0,0,1,0,2,1,0,1,1,0,0,1,1,0,2,1,1,2,32,7,1,0,13,
2021-07-14,1,56,0,0,7,0,0,0,3,0,1,0,0,0,5,9,2,0,3,1,0,11,11,23,0,1,0,0,3,3,0,1,0,2,0,0,1,0,6,1,0,0,1,0,0,1,1,1,3,2,1,3,37,8,1,0,13,
2021-07-15,0,54,0,0,6,0,0,0,2,0,0,1,0,0,5,11,2,0,2,1,0,11,11,28,0,0,1,0,2,2,0,0,0,2,0,0,1,0,2,1,0,0,1,0,0,1,1,0,1,1,0,2,66,4,1,0,22,
2021-07-16,1,56,0,0,5,0,0,0,2,0,1,0,0,0,4,11,2,0,1,0,0,11,9,20,0,1,1,0,2,2,0,1,0,1,0,0,1,0,1,1,0,0,1,0,0,1,1,0,2,1,1,2,31,7,1,0,12,
2021-07-17,0,58,0,0,5,0,0,0,3,0,1,1,0,0,4,9,2,0,2,1,0,10,9,19,0,1,0,0,3,3,0,0,0,1,0,0,1,0,2,1,0,0,1,0,0,1,0,0,2,1,1,2,33,8,1,0,12,
2021-07-18,1,63,0,0,6,0,0,0,2,0,1,0,0,0,7,8,2,0,1,1,0,10,11,22,0,1,1,0,3,2,0,1,1,1,0,0,1,0,3,1,0,0,1,0,0,1,0,0,2,2,1,3,34,8,0,0,13,
2021-07-19,1,51,0,0,5,0,0,0,2,0,1,0,0,0,5,13,3,0,2,1,0,10,12,20,0,1,1,0,2,2,0,0,0,1,0,0,1,0,2,2,0,0,1,0,0,1,2,0,2,1,1,1,31,8,1,0,14,
2021-07-20,1,53,0,0,6,0,0,0,3,0,1,0,0,0,5,8,1,0,2,1,0,10,10,18,0,1,0,0,3,3,0,0,0,25,0,0,1,0,2,1,0,1,1,0,0,1,1,0,2,1,1,2,31,7,1,0,15,
2021-07-21,0,53,0,0,7,0,0,0,2,0,1,0,0,0,5,9,1,0,2,0,0,9,10,20,0,1,1,0,3,2,0,0,0,1,0,0,1,0,2,2,0,0,1,0,0,1,1,0,1,1,1,2,32,8,1,0,13,
2021-07-22,1,53,0,0,6,0,0,0,3,0,1,0,0,0,5,9,2,0,1,1,0,10,10,17,0,1,0,0,3,3,1,0,0,1,0,0,1,0,2,1,0,1,1,0,0,1,1,0,1,1,1,2,32,7,1,0,14,
2021-07-23,1,57,1,0,4,0,0,0,2,0,1,1,0,0,6,8,2,0,2,1,0,8,9,18,0,1,1,0,3,2,0,0,0,1,0,0,1,0,2,0,0,0,0,0,0,1,1,0,1,1,1,2,30,6,0,0,10,
2021-07-24,2,49,0,0,5,0,0,0,2,0,1,1,0,0,6,8,1,0,1,1,0,8,11,15,0,1,1,0,2,2,0,1,1,1,0,0,1,0,1,1,0,0,1,0,0,1,1,0,1,0,1,2,27,5,0,0,10,
2021-07-25,2,52,0,0,6,0,0,0,2,0,1,1,0,0,6,5,2,0,1,1,0,10,11,16,0,0,1,0,4,2,0,0,0,1,0,0,1,0,2,1,0,1,1,0,0,2,1,0,1,1,1,1,29,6,1,0,13,
2021-07-26,1,45,0,0,5,0,0,0,2,0,0,1,0,0,5,6,1,0,1,0,0,9,8,24,0,2,1,0,3,2,0,0,0,1,0,0,1,0,2,1,0,0,1,0,0,1,1,0,1,0,0,2,25,6,1,0,22,
2021-07-27,1,45,0,0,6,0,0,0,2,0,1,1,0,0,5,7,2,0,1,0,0,9,9,16,0,1,1,0,2,2,0,0,0,1,0,0,1,0,2,8,0,1,1,0,0,1,1,0,1,1,1,1,27,6,1,0,10,
2021-07-28,1,43,0,0,6,0,0,1,2,0,1,1,0,0,4,7,2,0,2,0,0,8,8,17,0,0,1,0,3,2,0,1,0,1,0,0,1,0,1,1,0,1,2,0,0,1,1,0,2,1,1,2,28,5,1,0,12,
2021-07-29,1,44,0,0,5,0,0,1,2,0,1,0,0,0,5,8,1,0,2,1,0,8,8,13,0,1,1,0,3,2,0,0,0,1,0,0,0,0,1,1,0,0,1,0,0,1,1,0,1,1,1,1,28,6,0,0,13,
2021-07-30,1,39,0,0,4,1,1,1,1,1,1,1,1,0,4,6,2,0,2,0,0,7,7,12,0,1,1,0,1,1,0,0,0,1,0,0,2,0,1,7,0,0,1,1,0,1,1,0,1,1,1,2,21,5,0,0,9,
2021-07-31,1,42,0,0,4,0,1,1,2,0,1,0,1,0,5,7,1,0,1,1,0,7,9,12,0,1,1,0,3,2,0,0,0,1,0,0,1,0,2,1,0,1,1,1,0,1,1,0,1,1,1,1,21,6,1,0,10,
2021-08-01,1,41,0,0,5,0,1,0,2,0,1,1,0,0,5,6,1,0,2,0,0,7,9,13,0,1,2,0,3,2,0,0,0,1,0,0,1,0,1,1,0,0,1,0,0,1,1,0,1,1,1,2,22,6,0,0,10,
2021-08-02,1,37,0,0,6,0,0,0,1,0,1,1,0,0,5,5,1,0,1,1,0,20,7,12,0,1,2,0,3,1,0,0,0,2,0,0,1,0,6,1,0,1,1,0,0,0,1,0,1,0,1,2,19,5,0,0,8,
2021-08-03,2,37,0,0,7,0,0,0,1,1,0,3,0,0,4,7,2,0,1,1,0,7,7,11,0,1,2,1,2,1,0,0,0,2,0,0,2,0,2,1,0,1,1,0,0,1,1,0,1,1,0,1,19,6,0,0,9,
2021-08-04,1,41,0,0,5,0,0,0,1,0,1,4,0,0,4,10,2,0,1,1,0,6,7,10,0,1,2,1,3,1,0,0,1,1,0,0,1,0,8,1,0,1,1,0,0,2,1,0,2,1,1,2,19,3,0,0,8,
2021-08-05,1,41,0,0,4,0,0,0,2,1,1,2,0,0,4,10,2,0,1,1,0,7,8,10,0,0,2,0,3,2,0,0,0,2,0,0,1,0,7,2,0,0,1,0,0,1,1,0,1,1,1,2,24,6,0,0,9,
2021-08-06,1,37,0,0,3,0,0,1,1,0,1,2,0,0,5,17,2,0,2,1,0,6,8,10,0,0,3,0,3,1,0,1,0,2,0,0,1,0,2,1,0,1,1,0,0,1,1,0,1,1,1,1,20,5,0,0,6,
2021-08-07,1,37,0,0,4,0,0,0,1,0,1,2,0,0,6,5,2,0,1,1,0,7,7,9,0,1,2,1,3,1,0,0,0,1,0,0,1,0,2,1,0,1,1,0,0,2,1,0,1,1,1,1,18,4,1,0,6,
2021-08-08,1,42,1,0,5,0,1,1,1,0,1,2,0,0,6,8,2,1,2,2,0,7,9,8,0,0,3,1,3,1,0,0,1,3,0,0,2,0,2,1,0,0,2,0,0,3,1,0,1,1,1,1,16,6,0,0,6,
2021-08-09,2,36,0,0,3,0,1,1,3,2,1,1,0,0,3,6,2,0,3,2,0,29,6,9,0,0,3,0,3,3,0,0,1,2,0,0,1,0,2,2,0,1,2,0,0,2,1,0,1,0,1,1,18,6,0,0,11,
2021-08-10,2,33,0,0,5,0,0,1,1,1,1,2,1,0,5,6,2,0,2,1,0,6,8,7,0,1,4,0,3,1,0,0,0,2,0,0,2,0,9,2,0,1,3,1,0,2,1,1,2,0,1,1,15,5,0,0,5,
2021-08-11,1,38,1,0,4,0,0,1,2,1,1,2,0,0,6,8,2,0,2,2,0,8,7,6,0,1,5,0,3,2,0,0,1,2,0,0,1,0,1,2,0,1,2,0,0,1,1,0,1,1,1,2,14,5,0,0,4,
2021-08-12,1,30,0,0,4,0,1,0,2,0,1,2,0,0,5,7,2,0,2,2,0,5,7,5,0,1,5,0,4,2,0,0,1,2,0,0,2,0,2,1,0,1,1,0,0,1,1,0,1,1,1,2,12,5,0,0,7,
2021-08-13,1,26,1,0,4,0,0,1,1,0,1,2,1,0,7,6,1,0,1,1,0,5,8,4,0,1,6,1,3,1,0,0,1,1,0,0,1,0,2,2,0,1,2,1,0,1,1,0,1,0,1,1,10,4,0,0,4,
2021-08-14,1,31,1,0,5,0,0,1,1,0,1,2,0,0,4,6,3,0,2,2,0,6,9,5,0,1,7,1,4,1,0,0,2,2,0,0,2,0,1,1,0,0,1,0,0,2,1,0,0,1,1,1,10,5,0,0,2,
2021-08-15,2,30,0,0,7,0,0,0,1,1,2,2,1,1,4,6,3,0,2,2,0,5,9,4,0,1,7,1,4,1,0,0,2,2,0,0,3,0,2,2,1,0,2,1,0,2,1,0,0,1,2,1,10,5,0,0,3,
2021-08-16,2,23,1,0,5,0,0,2,1,1,3,3,3,0,5,7,4,0,2,3,0,5,9,3,0,1,8,1,3,1,0,0,1,2,0,0,2,0,3,3,0,1,3,3,1,3,1,0,0,0,3,1,7,5,0,0,3,
2021-08-17,2,26,1,0,4,0,0,1,1,0,2,2,0,0,4,4,5,0,3,2,0,13,6,4,0,0,10,0,3,1,0,0,1,3,0,0,2,0,3,3,0,1,2,0,0,1,1,0,0,0,2,0,7,5,0,0,5,
2021-08-18,2,41,0,0,5,0,0,1,1,0,2,2,0,1,5,9,6,0,4,4,0,7,5,4,0,1,12,1,3,1,0,0,2,2,0,0,2,0,3,3,1,1,2,0,0,2,2,1,0,1,2,1,8,5,0,0,1,
2021-08-19,2,24,1,0,4,0,0,1,1,1,2,3,1,0,5,6,6,0,4,4,0,5,6,3,0,0,12,1,2,1,0,0,1,1,0,0,3,0,3,3,0,1,2,1,0,2,1,0,0,0,2,1,6,3,0,0,2,
2021-08-20,2,27,0,0,5,0,0,1,1,1,2,2,1,1,5,10,4,0,4,3,0,5,6,3,0,1,14,2,3,1,0,1,2,2,0,0,2,0,2,3,1,1,2,1,0,3,1,0,0,0,2,1,30,3,0,0,1,
2021-08-21,2,26,1,0,4,0,0,1,0,1,3,3,1,0,4,6,6,0,5,2,0,5,6,3,0,1,14,2,5,0,1,1,3,2,0,0,4,0,3,4,0,1,2,1,0,2,0,1,1,1,3,1,6,3,0,0,1,
2021-08-22,2,29,1,0,6,0,0,1,1,1,3,4,1,0,5,4,7,0,4,5,0,5,8,4,0,1,13,3,4,1,0,0,2,1,0,0,3,0,2,4,0,1,2,1,0,3,2,0,0,1,3,1,6,4,0,0,1,
2021-08-23,2,32,1,0,6,0,1,1,1,1,4,4,1,1,4,10,9,0,6,6,0,26,7,3,0,1,16,2,5,1,1,0,4,3,0,0,4,0,4,5,1,2,3,1,0,3,1,1,0,0,4,0,6,4,0,0,1,
2021-08-24,2,26,1,0,5,0,0,1,1,1,5,4,1,1,6,10,9,0,7,7,0,15,8,3,0,1,18,3,5,1,1,0,5,3,0,0,5,0,3,6,1,2,3,1,0,2,1,0,0,0,5,1,26,3,0,0,1,
2021-08-25,2,24,2,0,5,0,1,1,1,1,4,5,2,1,5,8,8,0,5,6,0,12,4,2,0,1,19,2,5,1,0,0,4,2,0,0,3,0,3,4,1,2,3,2,0,2,2,0,0,1,4,1,6,4,0,0,1,
2021-08-26,2,26,1,0,4,0,1,1,1,1,4,4,1,1,5,5,5,0,5,6,0,12,7,3,0,0,17,2,4,1,0,1,3,2,0,0,3,0,4,3,1,1,2,1,0,3,1,0,0,0,4,0,5,5,0,0,2,
2021-08-27,2,34,1,0,4,0,0,0,1,1,4,4,1,0,5,6,7,0,5,6,0,9,7,2,0,1,19,2,3,1,1,0,3,1,0,0,6,0,3,6,0,2,2,1,0,2,1,0,0,0,4,1,21,4,0,0,2,
2021-08-28,2,27,2,0,5,0,0,1,1,1,4,5,2,1,5,5,6,0,4,6,0,5,6,3,0,1,16,4,5,1,3,0,3,1,0,0,5,0,3,4,1,1,2,2,0,2,1,0,1,1,4,1,4,3,0,0,1,
2021-08-29,2,29,1,0,4,0,1,1,1,1,4,5,1,1,6,8,8,0,5,7,0,5,8,2,0,0,16,4,5,1,1,0,4,2,0,0,7,0,3,4,1,1,3,1,0,3,2,0,0,1,4,1,4,4,1,0,2,
2021-08-30,2,24,1,0,5,0,1,1,1,0,4,5,1,1,4,7,10,0,6,6,0,9,6,3,0,1,17,3,5,1,0,0,7,3,0,0,4,0,3,6,1,2,3,1,0,3,1,0,0,0,4,0,4,3,0,0,1,
2021-08-31,3,25,1,0,5,0,1,0,1,0,6,4,1,1,6,5,8,0,6,7,0,14,6,2,0,1,20,2,5,1,1,1,6,2,0,0,6,0,4,7,1,2,3,1,0,2,1,1,0,0,6,0,4,3,0,0,1,
2021-09-01,2,26,1,0,6,0,0,1,1,1,6,4,2,0,5,5,11,0,6,10,0,4,6,2,0,1,18,4,5,1,1,0,7,1,0,0,6,0,4,6,0,2,3,2,0,3,1,0,1,0,6,1,3,3,0,0,1,
2021-09-02,2,26,1,0,6,0,0,1,1,1,7,4,1,0,6,6,8,0,6,11,0,7,5,1,0,0,20,3,5,1,0,0,6,2,0,0,7,0,5,8,0,3,3,1,0,3,1,0,0,0,7,1,4,3,0,0,0,
2021-09-03,2,29,1,0,5,0,1,2,1,1,7,4,1,0,6,6,9,1,8,9,0,5,6,2,0,1,19,4,5,1,5,0,4,2,0,0,7,0,4,7,0,3,3,1,0,3,1,0,0,1,7,1,4,3,0,0,0,
2021-09-04,3,25,1,0,5,0,0,1,1,1,7,5,1,1,6,8,10,0,7,10,0,4,6,1,0,0,21,4,5,1,1,0,5,2,0,0,6,0,4,5,1,1,3,1,0,3,1,1,0,0,7,0,3,3,0,0,1,
2021-09-05,2,25,1,0,5,0,0,1,1,0,7,5,1,0,7,7,14,1,8,10,0,6,5,1,0,1,21,6,5,1,0,0,8,3,0,0,8,0,5,10,0,3,3,1,0,3,2,1,0,1,7,1,2,3,0,0,1,
2021-09-06,2,26,0,0,6,0,0,1,1,2,6,5,1,1,6,6,14,1,9,12,0,5,8,2,0,0,21,6,6,1,1,0,5,2,0,0,7,0,4,8,1,2,3,1,0,3,2,0,0,0,6,1,2,3,0,0,1,
2021-09-07,3,27,1,0,6,0,0,1,1,1,6,6,2,0,8,7,16,1,10,14,0,6,7,2,0,1,23,4,7,1,1,0,5,3,0,0,7,0,5,9,0,2,3,2,0,2,2,1,0,1,6,1,16,3,0,0,0,
2021-09-08,3,22,1,0,5,0,0,0,1,1,7,4,1,1,7,6,11,1,6,10,0,5,6,2,0,1,20,4,6,1,0,0,4,1,0,0,8,0,4,7,1,2,3,1,0,2,1,1,0,1,7,1,2,3,0,0,0,
2021-09-09,3,30,0,0,5,0,0,1,0,0,8,4,1,0,7,6,11,1,7,11,0,4,6,2,0,0,19,4,5,0,0,0,5,2,0,0,5,0,5,7,0,2,3,1,0,3,0,1,0,0,8,1,1,2,0,0,0,
2021-09-10,2,23,0,0,4,0,0,0,1,1,7,5,1,1,6,6,9,1,7,8,0,5,5,1,0,0,20,4,5,1,0,1,3,2,0,0,6,0,4,6,1,3,3,1,0,2,1,1,0,0,7,0,2,2,0,0,1,
2021-09-11,2,26,1,0,3,0,0,1,1,1,5,4,1,0,5,7,11,1,5,9,0,6,8,1,0,1,19,5,5,1,0,0,5,2,0,0,7,0,5,6,0,2,3,1,0,3,1,0,0,0,5,0,2,4,0,0,0,
2021-09-12,2,28,0,0,5,0,0,0,1,1,6,4,1,1,5,7,11,1,5,9,0,5,8,2,0,1,16,6,6,1,0,0,6,2,0,0,9,0,4,6,1,2,3,1,0,2,1,0,1,0,6,1,2,4,0,0,1,
2021-09-13,6,25,2,0,4,0,1,1,1,1,7,3,2,1,5,6,10,0,6,9,0,6,7,2,0,0,19,5,5,1,1,0,4,3,0,0,6,0,3,7,1,2,14,2,0,3,1,0,0,0,7,0,1,2,1,0,1,
2021-09-14,4,24,1,0,4,0,1,1,1,1,6,3,1,0,5,7,10,1,7,8,0,4,7,2,0,1,17,4,5,1,0,1,5,3,0,0,7,0,4,6,0,2,5,1,0,3,1,0,0,0,6,1,2,3,0,0,1,
2021-09-15,2,24,0,0,4,0,1,1,1,1,7,4,1,1,6,7,10,0,7,8,0,7,6,2,0,1,20,3,7,1,1,0,5,2,0,0,6,0,4,7,1,2,4,1,0,2,1,0,0,0,7,0,1,2,0,0,1,
2021-09-16,2,29,1,0,4,0,0,0,1,1,6,3,2,0,5,9,8,0,7,8,0,4,6,2,0,1,19,4,5,1,2,0,5,2,0,0,6,4,5,6,0,3,3,2,0,2,1,0,0,0,6,0,1,2,0,0,0,
2021-09-17,2,24,1,0,3,0,0,1,1,1,6,2,2,1,5,5,10,0,5,7,0,4,6,1,0,1,15,3,5,1,1,1,3,2,0,0,8,2,4,4,1,2,3,2,0,2,2,0,0,0,6,1,1,2,0,0,1,
2021-09-18,2,22,1,0,3,0,0,1,1,1,5,4,1,0,4,5,9,0,5,8,0,4,6,1,0,1,13,4,6,1,0,0,4,1,0,0,6,8,3,5,0,3,3,1,0,4,1,1,0,0,5,1,1,2,0,0,0,
2021-09-19,2,23,1,0,3,0,0,1,1,1,6,2,1,0,5,6,10,1,5,9,0,4,5,1,0,0,13,6,8,1,1,0,5,1,0,0,7,26,4,4,0,2,3,1,0,3,1,1,0,0,6,0,1,2,0,0,0,
2021-09-20,2,19,1,0,4,0,1,0,0,1,4,3,1,0,3,5,8,0,5,6,0,4,4,1,0,0,10,5,5,0,1,0,5,1,0,0,6,6,3,4,0,2,3,1,0,2,0,1,0,0,4,1,1,3,0,0,0,
2021-09-21,2,24,1,0,5,0,0,1,1,1,4,3,1,0,3,5,7,0,5,7,0,4,3,2,0,0,14,4,6,1,2,0,5,2,0,0,6,7,4,4,0,3,3,1,0,2,2,0,0,0,4,1,1,2,0,0,1,
2021-09-22,3,25,1,0,6,0,1,1,1,1,6,4,1,0,5,6,9,1,7,12,0,6,8,1,0,1,19,6,7,1,0,1,7,3,0,0,8,7,3,6,0,2,4,1,0,3,1,0,0,0,6,0,1,2,0,0,0,
2021-09-23,3,26,0,0,6,0,1,1,1,1,6,5,2,1,6,6,11,1,8,11,0,5,9,1,0,1,17,4,9,1,1,1,5,2,0,0,7,5,6,7,1,4,4,2,0,3,1,0,0,0,6,1,1,3,0,0,0,
2021-09-24,2,24,1,0,5,0,0,1,1,1,7,5,2,1,5,8,12,1,8,11,0,6,7,2,0,1,19,4,8,1,1,0,6,3,0,0,9,3,5,7,1,3,3,2,0,3,1,0,0,0,7,1,1,2,0,0,0,
2021-09-25,2,25,1,0,6,0,1,1,1,1,6,3,2,1,5,7,10,1,6,12,0,4,6,2,0,1,20,7,8,1,0,1,7,2,0,0,10,14,6,7,1,3,4,2,0,3,1,1,0,0,6,0,2,2,0,0,0,
2021-09-26,3,27,1,0,7,0,0,2,1,1,5,4,3,1,5,9,12,1,8,12,0,5,7,1,0,1,21,7,8,1,1,0,8,3,0,0,12,19,6,8,1,4,3,3,0,4,1,1,1,0,5,3,1,4,0,0,0,
2021-09-27,3,26,1,0,5,0,0,1,1,1,8,4,3,0,5,7,13,1,10,12,0,6,7,1,0,1,21,5,6,1,1,0,6,4,0,0,10,7,5,9,0,6,5,3,0,3,1,0,0,0,8,1,1,3,0,0,1,
2021-09-28,3,26,1,0,7,0,0,2,1,1,8,3,3,1,5,8,10,0,9,12,0,5,5,1,0,1,24,4,6,1,1,0,6,3,0,0,10,6,5,10,1,4,4,3,1,3,1,1,0,0,8,1,1,3,0,0,1,
2021-09-29,4,24,1,0,7,1,1,1,0,1,7,3,3,0,5,8,10,1,9,12,0,5,6,2,0,1,17,5,5,0,1,1,4,3,0,0,9,4,6,9,0,5,5,3,0,4,0,1,0,0,7,0,1,2,0,0,1,
2021-09-30,3,25,0,0,6,0,0,1,1,1,6,5,2,1,5,6,8,1,6,11,1,5,7,1,0,1,20,3,7,1,0,0,4,3,0,0,7,4,6,7,1,4,4,2,1,2,1,0,0,0,6,0,2,3,0,0,1,
2021-10-01,2,26,0,0,5,0,0,1,1,1,5,4,2,0,5,7,6,0,7,12,1,5,6,1,0,1,17,4,5,1,0,0,4,2,0,0,8,2,6,6,0,4,4,2,0,2,1,0,0,0,5,0,2,2,0,0,1,
2021-10-02,3,27,1,0,6,0,1,2,0,2,7,4,3,1,5,8,8,0,7,11,0,7,7,2,0,1,20,4,6,0,1,1,7,2,0,0,8,8,4,4,1,3,4,3,0,3,0,0,0,0,7,1,1,2,0,0,1,
2021-10-03,3,29,1,0,7,0,1,1,1,1,8,3,2,0,6,7,9,0,6,9,0,7,8,2,0,1,18,6,7,1,1,1,7,3,0,0,9,4,4,7,0,4,4,2,0,4,1,1,0,0,8,0,2,2,0,0,1,
2021-10-04,3,29,1,0,7,0,1,1,1,1,8,4,2,1,5,8,9,0,9,12,0,7,6,2,0,1,21,3,8,1,1,0,5,4,0,0,9,4,6,7,1,3,4,2,0,4,2,0,1,0,8,1,2,2,0,0,1,
2021-10-05,3,27,1,0,6,0,1,1,2,1,7,5,3,1,5,9,8,1,7,8,0,6,7,2,0,1,18,4,5,2,0,1,4,3,0,0,9,5,6,7,1,3,3,3,0,4,1,1,0,0,7,1,1,1,0,0,1,
2021-10-06,3,27,1,1,6,0,1,1,1,1,6,3,3,1,5,7,7,1,7,8,0,6,7,2,0,1,19,4,7,1,0,0,6,3,0,2,9,5,6,7,1,4,6,3,0,5,1,1,0,0,6,0,2,2,0,0,1,
2021-10-07,3,34,1,0,7,0,1,2,1,1,6,4,3,1,5,7,9,0,6,9,0,7,8,1,0,1,18,5,6,1,2,0,4,3,0,6,9,2,4,7,1,4,6,3,0,4,1,1,1,0,6,0,2,2,0,0,1,
2021-10-08,4,25,1,0,6,0,1,1,0,3,8,3,4,2,4,8,8,1,6,10,0,5,5,1,0,1,16,3,7,0,0,0,3,4,0,4,8,6,6,7,2,6,4,4,1,4,2,1,0,0,8,0,2,2,0,0,1,
2021-10-09,4,27,1,0,5,0,1,1,1,1,9,5,3,1,3,8,8,0,5,7,0,5,7,2,0,0,17,4,7,1,1,0,5,3,0,2,8,3,5,6,1,4,4,3,1,4,1,0,0,0,9,0,1,2,0,0,1,
2021-10-10,3,30,2,0,7,0,1,2,0,1,9,5,4,1,5,8,8,0,6,11,0,5,7,2,0,0,18,5,7,0,0,1,6,3,0,1,10,65,6,9,1,5,6,4,0,3,2,1,0,0,9,0,1,4,0,0,0,
2021-10-11,5,31,2,0,10,0,1,3,0,2,7,9,5,1,6,7,12,1,9,19,0,8,6,1,0,1,19,7,9,0,1,1,7,3,0,1,14,10,6,11,1,9,6,5,1,5,2,2,0,0,7,0,2,2,0,0,1,
2021-10-12,6,31,2,0,9,0,2,4,1,2,9,9,9,2,5,5,11,0,11,22,0,7,7,2,0,1,26,5,8,1,1,1,7,3,0,1,15,8,7,14,2,13,9,9,1,5,3,3,0,0,9,0,1,2,0,0,0,
2021-10-13,5,23,1,0,8,0,2,3,0,3,8,7,7,2,4,6,9,1,9,17,0,4,6,1,0,1,16,5,9,0,0,0,4,3,0,1,16,4,8,11,2,12,6,7,1,6,3,2,0,0,8,1,1,1,0,0,1,
2021-10-14,5,25,1,1,9,0,1,3,0,3,8,5,8,2,5,7,8,0,9,14,0,5,7,1,0,1,14,5,7,0,1,0,5,3,0,1,12,6,7,10,2,10,9,8,1,6,1,2,0,0,8,1,1,1,0,0,0,
2021-10-15,7,30,2,0,7,0,1,4,1,3,7,5,10,3,4,5,10,0,8,17,0,5,6,2,0,0,24,5,6,1,0,1,5,2,0,0,11,4,8,17,3,10,12,10,1,7,1,3,0,0,7,0,1,2,0,0,0,
2021-10-16,19,21,5,1,9,1,5,9,0,9,11,10,20,4,5,4,9,1,9,21,0,6,5,1,0,0,10,10,9,0,1,0,7,3,0,0,16,21,8,8,4,29,34,20,2,13,1,5,0,0,11,0,1,2,0,0,0,
2021-10-17,31,22,7,2,13,1,7,15,0,19,7,8,36,5,4,5,10,1,9,23,0,5,5,1,0,1,8,8,9,0,1,0,6,2,0,0,19,18,9,9,5,45,52,36,4,20,2,7,0,0,7,0,2,2,0,0,0,
2021-10-18,31,23,11,2,13,1,9,21,0,22,9,13,47,4,5,4,6,1,8,28,0,5,4,1,0,1,7,9,8,0,1,0,7,2,0,0,17,10,9,12,4,64,56,47,5,24,2,8,0,0,9,0,1,2,0,0,0,
2021-10-19,27,24,10,2,11,1,9,21,0,18,7,9,42,6,6,4,7,1,9,25,0,4,5,1,0,1,21,7,8,0,0,0,6,3,0,0,18,14,8,12,6,47,54,42,5,24,2,9,0,0,7,0,2,1,0,0,0,
2021-10-20,24,19,8,2,10,1,9,17,0,16,10,7,34,7,5,3,5,1,7,17,0,4,4,2,0,0,5,7,7,0,0,1,6,2,0,0,16,4,10,18,7,41,37,34,5,22,3,8,0,0,10,0,1,1,0,0,0,
2021-10-21,19,18,8,2,9,1,10,13,0,18,8,7,29,7,5,3,6,0,6,16,0,5,4,1,0,0,5,6,7,0,0,1,4,1,0,0,16,2,9,10,7,38,34,29,5,25,2,6,0,0,8,0,1,1,0,0,0,
2021-10-22,20,19,6,2,9,1,10,12,0,15,7,6,26,8,5,3,6,0,5,17,0,4,3,1,0,1,4,5,9,0,0,1,4,2,0,1,16,3,7,8,8,34,32,26,4,24,2,7,0,0,7,0,1,1,0,0,0,
2021-10-23,16,16,6,1,9,0,8,11,0,13,7,6,19,6,5,3,6,0,5,15,0,3,4,0,0,1,4,6,6,0,1,0,5,3,0,0,11,3,9,7,6,30,27,19,4,20,1,5,0,0,7,0,0,1,0,0,0,
2021-10-24,17,22,6,1,9,1,9,12,0,14,6,6,21,8,3,3,6,0,5,17,0,3,5,1,0,1,5,7,8,0,1,1,5,2,0,0,15,2,9,9,8,27,28,21,4,21,2,6,0,0,6,0,1,2,0,0,0,
2021-10-25,17,20,6,1,10,1,7,11,0,12,9,7,23,6,4,3,4,1,6,15,0,5,4,0,0,1,11,4,9,0,0,0,5,2,0,0,14,1,10,7,6,30,25,23,3,18,1,6,0,0,9,0,1,1,0,0,0,
2021-10-26,15,23,6,1,7,1,7,11,1,11,7,5,21,6,4,3,4,1,7,15,0,4,4,2,0,1,6,5,8,1,1,1,5,3,0,2,14,1,9,9,6,22,21,21,3,18,1,6,0,0,7,0,1,1,0,0,0,
2021-10-27,12,20,5,1,8,1,9,11,0,14,8,6,19,6,5,3,4,1,5,13,0,4,5,1,0,1,4,5,8,0,1,0,3,2,0,0,13,1,9,8,6,22,23,19,3,18,2,4,0,0,8,0,1,1,0,0,0,
2021-10-28,13,17,5,0,7,1,8,9,1,13,8,6,18,5,4,3,3,0,6,11,0,3,4,1,0,1,4,4,8,1,0,0,4,2,0,1,12,1,9,5,5,19,23,18,2,17,1,4,0,0,8,1,1,1,0,0,0,
2021-10-29,11,17,4,1,6,1,8,7,0,9,7,5,15,4,4,3,4,0,4,9,0,4,5,0,0,1,5,4,8,0,1,1,4,2,0,0,12,1,10,6,4,15,19,15,3,14,1,4,0,0,7,0,1,1,0,0,0,
2021-10-30,10,18,4,1,8,0,7,8,0,10,6,4,16,4,5,3,3,0,3,9,0,5,4,1,0,1,4,5,6,0,1,0,5,2,0,0,11,1,7,4,4,14,19,16,2,15,1,3,0,0,6,0,1,1,0,0,0,
2021-10-31,12,22,5,2,8,0,7,7,0,12,6,4,16,5,6,4,4,0,4,10,0,4,4,1,0,1,4,6,7,0,0,0,6,2,0,0,11,1,8,6,5,16,17,16,2,18,2,5,0,0,6,0,1,1,0,0,0,
